ghash,lat,lon,gtype,poi,pname_th,pname_en,city_code
13.302-100.901,13.302,100.901,100,cbi-001,แหลมแท่น,Laem Thaen,CBI
13.301-100.901,13.301,100.901,100,cbi-001,แหลมแท่น,Laem Thaen,CBI
13.301-100.900,13.301,100.9,100,cbi-001,แหลมแท่น,Laem Thaen,CBI
13.302-100.900,13.302,100.9,100,cbi-001,แหลมแท่น,Laem Thaen,CBI
13.301-100.902,13.301,100.902,100,cbi-001,แหลมแท่น,Laem Thaen,CBI
13.310-100.900,13.31,100.9,1000,cbi-002,เขาสามมุข,Khao Sam Muk,CBI
13.309-100.903,13.309,100.903,100,cbi-002,เขาสามมุข,Khao Sam Muk,CBI
13.309-100.904,13.309,100.904,100,cbi-002,เขาสามมุข,Khao Sam Muk,CBI
13.309-100.905,13.309,100.905,100,cbi-002,เขาสามมุข,Khao Sam Muk,CBI
13.309-100.906,13.309,100.906,100,cbi-002,เขาสามมุข,Khao Sam Muk,CBI
13.309-100.907,13.309,100.907,100,cbi-002,เขาสามมุข,Khao Sam Muk,CBI
13.309-100.908,13.309,100.908,100,cbi-002,เขาสามมุข,Khao Sam Muk,CBI
13.309-100.909,13.309,100.909,100,cbi-002,เขาสามมุข,Khao Sam Muk,CBI
13.308-100.910,13.308,100.91,100,cbi-002,เขาสามมุข,Khao Sam Muk,CBI
13.308-100.909,13.308,100.909,100,cbi-002,เขาสามมุข,Khao Sam Muk,CBI
13.308-100.907,13.308,100.907,100,cbi-002,เขาสามมุข,Khao Sam Muk,CBI
13.308-100.908,13.308,100.908,100,cbi-002,เขาสามมุข,Khao Sam Muk,CBI
13.308-100.906,13.308,100.906,100,cbi-002,เขาสามมุข,Khao Sam Muk,CBI
13.308-100.905,13.308,100.905,100,cbi-002,เขาสามมุข,Khao Sam Muk,CBI
13.308-100.904,13.308,100.904,100,cbi-002,เขาสามมุข,Khao Sam Muk,CBI
13.307-100.906,13.307,100.906,100,cbi-002,เขาสามมุข,Khao Sam Muk,CBI
13.307-100.907,13.307,100.907,100,cbi-002,เขาสามมุข,Khao Sam Muk,CBI
13.307-100.908,13.307,100.908,100,cbi-002,เขาสามมุข,Khao Sam Muk,CBI
13.307-100.909,13.307,100.909,100,cbi-002,เขาสามมุข,Khao Sam Muk,CBI
13.309-100.910,13.309,100.91,100,cbi-002,เขาสามมุข,Khao Sam Muk,CBI
13.252-101.376,13.252,101.376,100,cbi-003,วนอุทยานน้ำตกเขาเจ้าบ่อทอง,Nam Tok Khao Chao Bo Thong,CBI
13.252-101.375,13.252,101.375,100,cbi-003,วนอุทยานน้ำตกเขาเจ้าบ่อทอง,Nam Tok Khao Chao Bo Thong,CBI
13.251-101.375,13.251,101.375,100,cbi-003,วนอุทยานน้ำตกเขาเจ้าบ่อทอง,Nam Tok Khao Chao Bo Thong,CBI
13.250-101.375,13.25,101.375,100,cbi-003,วนอุทยานน้ำตกเขาเจ้าบ่อทอง,Nam Tok Khao Chao Bo Thong,CBI
13.249-101.375,13.249,101.375,100,cbi-003,วนอุทยานน้ำตกเขาเจ้าบ่อทอง,Nam Tok Khao Chao Bo Thong,CBI
13.249-101.376,13.249,101.376,100,cbi-003,วนอุทยานน้ำตกเขาเจ้าบ่อทอง,Nam Tok Khao Chao Bo Thong,CBI
13.249-101.377,13.249,101.377,100,cbi-003,วนอุทยานน้ำตกเขาเจ้าบ่อทอง,Nam Tok Khao Chao Bo Thong,CBI
13.250-101.377,13.25,101.377,100,cbi-003,วนอุทยานน้ำตกเขาเจ้าบ่อทอง,Nam Tok Khao Chao Bo Thong,CBI
13.251-101.377,13.251,101.377,100,cbi-003,วนอุทยานน้ำตกเขาเจ้าบ่อทอง,Nam Tok Khao Chao Bo Thong,CBI
13.252-101.377,13.252,101.377,100,cbi-003,วนอุทยานน้ำตกเขาเจ้าบ่อทอง,Nam Tok Khao Chao Bo Thong,CBI
13.251-101.376,13.251,101.376,100,cbi-003,วนอุทยานน้ำตกเขาเจ้าบ่อทอง,Nam Tok Khao Chao Bo Thong,CBI
13.250-101.376,13.25,101.376,100,cbi-003,วนอุทยานน้ำตกเขาเจ้าบ่อทอง,Nam Tok Khao Chao Bo Thong,CBI
13.342-100.942,13.342,100.942,100,cbi-004,ศูนย์ศึกษาธรรมชาติและอนุรักษ์ป่าชายเลนเพื่อการท่องเที่ยวเชิงนิเวศ,Center for Nature and Conservation of Mangrove Forest for Ecotourism,CBI
13.342-100.943,13.342,100.943,100,cbi-004,ศูนย์ศึกษาธรรมชาติและอนุรักษ์ป่าชายเลนเพื่อการท่องเที่ยวเชิงนิเวศ,Center for Nature and Conservation of Mangrove Forest for Ecotourism,CBI
13.341-100.943,13.341,100.943,100,cbi-004,ศูนย์ศึกษาธรรมชาติและอนุรักษ์ป่าชายเลนเพื่อการท่องเที่ยวเชิงนิเวศ,Center for Nature and Conservation of Mangrove Forest for Ecotourism,CBI
13.341-100.942,13.341,100.942,100,cbi-004,ศูนย์ศึกษาธรรมชาติและอนุรักษ์ป่าชายเลนเพื่อการท่องเที่ยวเชิงนิเวศ,Center for Nature and Conservation of Mangrove Forest for Ecotourism,CBI
12.694-100.855,12.694,100.855,100,cbi-005,อ่าวทุ่งโปรง,Aow Thung Prong,CBI
12.694-100.856,12.694,100.856,100,cbi-005,อ่าวทุ่งโปรง,Aow Thung Prong,CBI
12.693-100.856,12.693,100.856,100,cbi-005,อ่าวทุ่งโปรง,Aow Thung Prong,CBI
12.693-100.855,12.693,100.855,100,cbi-005,อ่าวทุ่งโปรง,Aow Thung Prong,CBI
12.692-100.855,12.692,100.855,100,cbi-005,อ่าวทุ่งโปรง,Aow Thung Prong,CBI
12.692-100.856,12.692,100.856,100,cbi-005,อ่าวทุ่งโปรง,Aow Thung Prong,CBI
12.900-100.670,12.9,100.67,1000,cbi-006,เกาะกลึงบาดาล,Koh Klung Badan,CBI
12.900-100.680,12.9,100.68,1000,cbi-006,เกาะกลึงบาดาล,Koh Klung Badan,CBI
12.890-100.680,12.89,100.68,1000,cbi-006,เกาะกลึงบาดาล,Koh Klung Badan,CBI
12.890-100.670,12.89,100.67,1000,cbi-006,เกาะกลึงบาดาล,Koh Klung Badan,CBI
12.930-100.770,12.93,100.77,1000,cbi-007,เกาะล้าน,Koh Larn,CBI
12.930-100.780,12.93,100.78,1000,cbi-007,เกาะล้าน,Koh Larn,CBI
12.930-100.790,12.93,100.79,1000,cbi-007,เกาะล้าน,Koh Larn,CBI
12.920-100.790,12.92,100.79,1000,cbi-007,เกาะล้าน,Koh Larn,CBI
12.920-100.780,12.92,100.78,1000,cbi-007,เกาะล้าน,Koh Larn,CBI
12.920-100.770,12.92,100.77,1000,cbi-007,เกาะล้าน,Koh Larn,CBI
12.920-100.760,12.92,100.76,1000,cbi-007,เกาะล้าน,Koh Larn,CBI
12.910-100.760,12.91,100.76,1000,cbi-007,เกาะล้าน,Koh Larn,CBI
12.910-100.770,12.91,100.77,1000,cbi-007,เกาะล้าน,Koh Larn,CBI
12.910-100.780,12.91,100.78,1000,cbi-007,เกาะล้าน,Koh Larn,CBI
12.900-100.780,12.9,100.78,1000,cbi-007,เกาะล้าน,Koh Larn,CBI
12.900-100.770,12.9,100.77,1000,cbi-007,เกาะล้าน,Koh Larn,CBI
12.890-100.770,12.89,100.77,1000,cbi-007,เกาะล้าน,Koh Larn,CBI
13.170-100.790,13.17,100.79,1000,cbi-008,เกาะสีชัง,Koh Sichang,CBI
13.170-100.800,13.17,100.8,1000,cbi-008,เกาะสีชัง,Koh Sichang,CBI
13.170-100.810,13.17,100.81,1000,cbi-008,เกาะสีชัง,Koh Sichang,CBI
13.170-100.820,13.17,100.82,1000,cbi-008,เกาะสีชัง,Koh Sichang,CBI
13.170-100.830,13.17,100.83,1000,cbi-008,เกาะสีชัง,Koh Sichang,CBI
13.160-100.830,13.16,100.83,1000,cbi-008,เกาะสีชัง,Koh Sichang,CBI
13.160-100.820,13.16,100.82,1000,cbi-008,เกาะสีชัง,Koh Sichang,CBI
13.160-100.810,13.16,100.81,1000,cbi-008,เกาะสีชัง,Koh Sichang,CBI
13.160-100.800,13.16,100.8,1000,cbi-008,เกาะสีชัง,Koh Sichang,CBI
13.160-100.790,13.16,100.79,1000,cbi-008,เกาะสีชัง,Koh Sichang,CBI
13.150-100.790,13.15,100.79,1000,cbi-008,เกาะสีชัง,Koh Sichang,CBI
13.150-100.800,13.15,100.8,1000,cbi-008,เกาะสีชัง,Koh Sichang,CBI
13.150-100.810,13.15,100.81,1000,cbi-008,เกาะสีชัง,Koh Sichang,CBI
13.140-100.800,13.14,100.8,1000,cbi-008,เกาะสีชัง,Koh Sichang,CBI
13.140-100.810,13.14,100.81,1000,cbi-008,เกาะสีชัง,Koh Sichang,CBI
13.130-100.800,13.13,100.8,1000,cbi-008,เกาะสีชัง,Koh Sichang,CBI
13.130-100.810,13.13,100.81,1000,cbi-008,เกาะสีชัง,Koh Sichang,CBI
13.120-100.800,13.12,100.8,1000,cbi-008,เกาะสีชัง,Koh Sichang,CBI
13.120-100.810,13.12,100.81,1000,cbi-008,เกาะสีชัง,Koh Sichang,CBI
13.110-100.800,13.11,100.8,1000,cbi-008,เกาะสีชัง,Koh Sichang,CBI
13.100-100.800,13.1,100.8,1000,cbi-008,เกาะสีชัง,Koh Sichang,CBI
13.110-100.810,13.11,100.81,1000,cbi-008,เกาะสีชัง,Koh Sichang,CBI
13.140-100.820,13.14,100.82,1000,cbi-008,เกาะสีชัง,Koh Sichang,CBI
13.150-100.830,13.15,100.83,1000,cbi-008,เกาะสีชัง,Koh Sichang,CBI
12.805-100.912,12.805,100.912,100,cbi-009,ชายหาดบ้านอำเภอ,Baan Amphur Beach,CBI
12.805-100.913,12.805,100.913,100,cbi-009,ชายหาดบ้านอำเภอ,Baan Amphur Beach,CBI
12.806-100.913,12.806,100.913,100,cbi-009,ชายหาดบ้านอำเภอ,Baan Amphur Beach,CBI
12.807-100.913,12.807,100.913,100,cbi-009,ชายหาดบ้านอำเภอ,Baan Amphur Beach,CBI
12.808-100.913,12.808,100.913,100,cbi-009,ชายหาดบ้านอำเภอ,Baan Amphur Beach,CBI
12.809-100.913,12.809,100.913,100,cbi-009,ชายหาดบ้านอำเภอ,Baan Amphur Beach,CBI
12.809-100.912,12.809,100.912,100,cbi-009,ชายหาดบ้านอำเภอ,Baan Amphur Beach,CBI
12.810-100.913,12.81,100.913,100,cbi-009,ชายหาดบ้านอำเภอ,Baan Amphur Beach,CBI
12.810-100.912,12.81,100.912,100,cbi-009,ชายหาดบ้านอำเภอ,Baan Amphur Beach,CBI
12.811-100.912,12.811,100.912,100,cbi-009,ชายหาดบ้านอำเภอ,Baan Amphur Beach,CBI
12.812-100.912,12.812,100.912,100,cbi-009,ชายหาดบ้านอำเภอ,Baan Amphur Beach,CBI
12.813-100.911,12.813,100.911,100,cbi-009,ชายหาดบ้านอำเภอ,Baan Amphur Beach,CBI
12.812-100.911,12.812,100.911,100,cbi-009,ชายหาดบ้านอำเภอ,Baan Amphur Beach,CBI
12.900-100.850,12.9,100.85,1000,cbi-010,หาดจอมเทียน,Jomtien Beach,CBI
12.890-100.860,12.89,100.86,1000,cbi-010,หาดจอมเทียน,Jomtien Beach,CBI
12.880-100.870,12.88,100.87,1000,cbi-010,หาดจอมเทียน,Jomtien Beach,CBI
12.870-100.880,12.87,100.88,1000,cbi-010,หาดจอมเทียน,Jomtien Beach,CBI
12.869-100.890,12.869,100.89,100,cbi-010,หาดจอมเทียน,Jomtien Beach,CBI
12.868-100.890,12.868,100.89,100,cbi-010,หาดจอมเทียน,Jomtien Beach,CBI
12.868-100.891,12.868,100.891,100,cbi-010,หาดจอมเทียน,Jomtien Beach,CBI
12.867-100.891,12.867,100.891,100,cbi-010,หาดจอมเทียน,Jomtien Beach,CBI
12.883-100.880,12.883,100.88,100,cbi-010,หาดจอมเทียน,Jomtien Beach,CBI
12.882-100.880,12.882,100.88,100,cbi-010,หาดจอมเทียน,Jomtien Beach,CBI
12.882-100.881,12.882,100.881,100,cbi-010,หาดจอมเทียน,Jomtien Beach,CBI
12.881-100.881,12.881,100.881,100,cbi-010,หาดจอมเทียน,Jomtien Beach,CBI
12.880-100.882,12.88,100.882,100,cbi-010,หาดจอมเทียน,Jomtien Beach,CBI
12.890-100.874,12.89,100.874,100,cbi-010,หาดจอมเทียน,Jomtien Beach,CBI
12.891-100.873,12.891,100.873,100,cbi-010,หาดจอมเทียน,Jomtien Beach,CBI
12.890-100.873,12.89,100.873,100,cbi-010,หาดจอมเทียน,Jomtien Beach,CBI
12.892-100.872,12.892,100.872,100,cbi-010,หาดจอมเทียน,Jomtien Beach,CBI
12.891-100.872,12.891,100.872,100,cbi-010,หาดจอมเทียน,Jomtien Beach,CBI
12.893-100.871,12.893,100.871,100,cbi-010,หาดจอมเทียน,Jomtien Beach,CBI
12.892-100.871,12.892,100.871,100,cbi-010,หาดจอมเทียน,Jomtien Beach,CBI
12.893-100.872,12.893,100.872,100,cbi-010,หาดจอมเทียน,Jomtien Beach,CBI
12.894-100.870,12.894,100.87,100,cbi-010,หาดจอมเทียน,Jomtien Beach,CBI
12.894-100.871,12.894,100.871,100,cbi-010,หาดจอมเทียน,Jomtien Beach,CBI
12.895-100.870,12.895,100.87,100,cbi-010,หาดจอมเทียน,Jomtien Beach,CBI
12.893-100.870,12.893,100.87,100,cbi-010,หาดจอมเทียน,Jomtien Beach,CBI
12.900-100.864,12.9,100.864,100,cbi-010,หาดจอมเทียน,Jomtien Beach,CBI
12.900-100.865,12.9,100.865,100,cbi-010,หาดจอมเทียน,Jomtien Beach,CBI
12.901-100.863,12.901,100.863,100,cbi-010,หาดจอมเทียน,Jomtien Beach,CBI
12.901-100.864,12.901,100.864,100,cbi-010,หาดจอมเทียน,Jomtien Beach,CBI
12.902-100.862,12.902,100.862,100,cbi-010,หาดจอมเทียน,Jomtien Beach,CBI
12.902-100.863,12.902,100.863,100,cbi-010,หาดจอมเทียน,Jomtien Beach,CBI
12.903-100.862,12.903,100.862,100,cbi-010,หาดจอมเทียน,Jomtien Beach,CBI
12.903-100.861,12.903,100.861,100,cbi-010,หาดจอมเทียน,Jomtien Beach,CBI
12.904-100.861,12.904,100.861,100,cbi-010,หาดจอมเทียน,Jomtien Beach,CBI
12.904-100.860,12.904,100.86,100,cbi-010,หาดจอมเทียน,Jomtien Beach,CBI
12.905-100.860,12.905,100.86,100,cbi-010,หาดจอมเทียน,Jomtien Beach,CBI
12.659-100.914,12.659,100.914,100,cbi-011,หาดดงตาล,Dongtan Beach,CBI
12.660-100.914,12.66,100.914,100,cbi-011,หาดดงตาล,Dongtan Beach,CBI
12.660-100.915,12.66,100.915,100,cbi-011,หาดดงตาล,Dongtan Beach,CBI
12.659-100.915,12.659,100.915,100,cbi-011,หาดดงตาล,Dongtan Beach,CBI
12.659-100.916,12.659,100.916,100,cbi-011,หาดดงตาล,Dongtan Beach,CBI
12.658-100.916,12.658,100.916,100,cbi-011,หาดดงตาล,Dongtan Beach,CBI
12.658-100.917,12.658,100.917,100,cbi-011,หาดดงตาล,Dongtan Beach,CBI
12.659-100.917,12.659,100.917,100,cbi-011,หาดดงตาล,Dongtan Beach,CBI
12.658-100.918,12.658,100.918,100,cbi-011,หาดดงตาล,Dongtan Beach,CBI
12.924-100.775,12.924,100.775,100,cbi-012,หาดตาแหวน (เกาะล้าน),Tawaen Beach (Koh Larn),CBI
12.924-100.776,12.924,100.776,100,cbi-012,หาดตาแหวน (เกาะล้าน),Tawaen Beach (Koh Larn),CBI
12.924-100.777,12.924,100.777,100,cbi-012,หาดตาแหวน (เกาะล้าน),Tawaen Beach (Koh Larn),CBI
12.924-100.778,12.924,100.778,100,cbi-012,หาดตาแหวน (เกาะล้าน),Tawaen Beach (Koh Larn),CBI
12.925-100.778,12.925,100.778,100,cbi-012,หาดตาแหวน (เกาะล้าน),Tawaen Beach (Koh Larn),CBI
12.925-100.779,12.925,100.779,100,cbi-012,หาดตาแหวน (เกาะล้าน),Tawaen Beach (Koh Larn),CBI
12.925-100.780,12.925,100.78,100,cbi-012,หาดตาแหวน (เกาะล้าน),Tawaen Beach (Koh Larn),CBI
12.926-100.780,12.926,100.78,100,cbi-012,หาดตาแหวน (เกาะล้าน),Tawaen Beach (Koh Larn),CBI
12.668-100.861,12.668,100.861,100,cbi-013,หาดเตยงาม,Toei Ngam Beach,CBI
12.667-100.861,12.667,100.861,100,cbi-013,หาดเตยงาม,Toei Ngam Beach,CBI
12.667-100.862,12.667,100.862,100,cbi-013,หาดเตยงาม,Toei Ngam Beach,CBI
12.668-100.862,12.668,100.862,100,cbi-013,หาดเตยงาม,Toei Ngam Beach,CBI
12.669-100.861,12.669,100.861,100,cbi-013,หาดเตยงาม,Toei Ngam Beach,CBI
12.670-100.861,12.67,100.861,100,cbi-013,หาดเตยงาม,Toei Ngam Beach,CBI
12.670-100.860,12.67,100.86,100,cbi-013,หาดเตยงาม,Toei Ngam Beach,CBI
12.671-100.860,12.671,100.86,100,cbi-013,หาดเตยงาม,Toei Ngam Beach,CBI
12.671-100.861,12.671,100.861,100,cbi-013,หาดเตยงาม,Toei Ngam Beach,CBI
12.744-100.841,12.744,100.841,100,cbi-014,หาดทรายแก้ว,Sai Kaew Beach,CBI
12.744-100.842,12.744,100.842,100,cbi-014,หาดทรายแก้ว,Sai Kaew Beach,CBI
12.743-100.841,12.743,100.841,100,cbi-014,หาดทรายแก้ว,Sai Kaew Beach,CBI
12.742-100.841,12.742,100.841,100,cbi-014,หาดทรายแก้ว,Sai Kaew Beach,CBI
12.742-100.840,12.742,100.84,100,cbi-014,หาดทรายแก้ว,Sai Kaew Beach,CBI
12.741-100.840,12.741,100.84,100,cbi-014,หาดทรายแก้ว,Sai Kaew Beach,CBI
12.740-100.839,12.74,100.839,100,cbi-014,หาดทรายแก้ว,Sai Kaew Beach,CBI
12.740-100.840,12.74,100.84,100,cbi-014,หาดทรายแก้ว,Sai Kaew Beach,CBI
12.741-100.841,12.741,100.841,100,cbi-014,หาดทรายแก้ว,Sai Kaew Beach,CBI
12.642-100.928,12.642,100.928,100,cbi-015,หาดเทียนทะเล,Thian Thale Beach,CBI
12.641-100.928,12.641,100.928,100,cbi-015,หาดเทียนทะเล,Thian Thale Beach,CBI
12.640-100.928,12.64,100.928,100,cbi-015,หาดเทียนทะเล,Thian Thale Beach,CBI
12.641-100.929,12.641,100.929,100,cbi-015,หาดเทียนทะเล,Thian Thale Beach,CBI
12.642-100.929,12.642,100.929,100,cbi-015,หาดเทียนทะเล,Thian Thale Beach,CBI
12.643-100.928,12.643,100.928,100,cbi-015,หาดเทียนทะเล,Thian Thale Beach,CBI
12.900-100.777,12.9,100.777,100,cbi-016,หาดนวล (เกาะล้าน),Nual Beach (Koh Larn),CBI
12.900-100.778,12.9,100.778,100,cbi-016,หาดนวล (เกาะล้าน),Nual Beach (Koh Larn),CBI
12.900-100.776,12.9,100.776,100,cbi-016,หาดนวล (เกาะล้าน),Nual Beach (Koh Larn),CBI
12.900-100.775,12.9,100.775,100,cbi-016,หาดนวล (เกาะล้าน),Nual Beach (Koh Larn),CBI
12.901-100.777,12.901,100.777,100,cbi-016,หาดนวล (เกาะล้าน),Nual Beach (Koh Larn),CBI
12.615-100.921,12.615,100.921,100,cbi-017,หาดนางรำ,Nang Ram Beach,CBI
12.615-100.922,12.615,100.922,100,cbi-017,หาดนางรำ,Nang Ram Beach,CBI
12.614-100.922,12.614,100.922,100,cbi-017,หาดนางรำ,Nang Ram Beach,CBI
12.928-100.875,12.928,100.875,100,cbi-018,หาดพัทยา,Pattaya Beach,CBI
12.929-100.876,12.929,100.876,100,cbi-018,หาดพัทยา,Pattaya Beach,CBI
12.928-100.876,12.928,100.876,100,cbi-018,หาดพัทยา,Pattaya Beach,CBI
12.929-100.877,12.929,100.877,100,cbi-018,หาดพัทยา,Pattaya Beach,CBI
12.930-100.877,12.93,100.877,100,cbi-018,หาดพัทยา,Pattaya Beach,CBI
12.930-100.878,12.93,100.878,100,cbi-018,หาดพัทยา,Pattaya Beach,CBI
12.931-100.878,12.931,100.878,100,cbi-018,หาดพัทยา,Pattaya Beach,CBI
12.931-100.879,12.931,100.879,100,cbi-018,หาดพัทยา,Pattaya Beach,CBI
12.932-100.879,12.932,100.879,100,cbi-018,หาดพัทยา,Pattaya Beach,CBI
12.932-100.880,12.932,100.88,100,cbi-018,หาดพัทยา,Pattaya Beach,CBI
12.933-100.880,12.933,100.88,100,cbi-018,หาดพัทยา,Pattaya Beach,CBI
12.933-100.881,12.933,100.881,100,cbi-018,หาดพัทยา,Pattaya Beach,CBI
12.934-100.881,12.934,100.881,100,cbi-018,หาดพัทยา,Pattaya Beach,CBI
12.934-100.882,12.934,100.882,100,cbi-018,หาดพัทยา,Pattaya Beach,CBI
12.935-100.882,12.935,100.882,100,cbi-018,หาดพัทยา,Pattaya Beach,CBI
12.935-100.881,12.935,100.881,100,cbi-018,หาดพัทยา,Pattaya Beach,CBI
12.936-100.882,12.936,100.882,100,cbi-018,หาดพัทยา,Pattaya Beach,CBI
12.937-100.882,12.937,100.882,100,cbi-018,หาดพัทยา,Pattaya Beach,CBI
12.937-100.883,12.937,100.883,100,cbi-018,หาดพัทยา,Pattaya Beach,CBI
12.936-100.883,12.936,100.883,100,cbi-018,หาดพัทยา,Pattaya Beach,CBI
12.938-100.883,12.938,100.883,100,cbi-018,หาดพัทยา,Pattaya Beach,CBI
12.939-100.883,12.939,100.883,100,cbi-018,หาดพัทยา,Pattaya Beach,CBI
12.939-100.884,12.939,100.884,100,cbi-018,หาดพัทยา,Pattaya Beach,CBI
12.941-100.884,12.941,100.884,100,cbi-018,หาดพัทยา,Pattaya Beach,CBI
12.940-100.884,12.94,100.884,100,cbi-018,หาดพัทยา,Pattaya Beach,CBI
12.940-100.883,12.94,100.883,100,cbi-018,หาดพัทยา,Pattaya Beach,CBI
12.942-100.884,12.942,100.884,100,cbi-018,หาดพัทยา,Pattaya Beach,CBI
12.943-100.884,12.943,100.884,100,cbi-018,หาดพัทยา,Pattaya Beach,CBI
12.944-100.884,12.944,100.884,100,cbi-018,หาดพัทยา,Pattaya Beach,CBI
12.945-100.884,12.945,100.884,100,cbi-018,หาดพัทยา,Pattaya Beach,CBI
12.946-100.884,12.946,100.884,100,cbi-018,หาดพัทยา,Pattaya Beach,CBI
12.947-100.884,12.947,100.884,100,cbi-018,หาดพัทยา,Pattaya Beach,CBI
12.948-100.884,12.948,100.884,100,cbi-018,หาดพัทยา,Pattaya Beach,CBI
12.949-100.884,12.949,100.884,100,cbi-018,หาดพัทยา,Pattaya Beach,CBI
12.950-100.883,12.95,100.883,100,cbi-018,หาดพัทยา,Pattaya Beach,CBI
12.949-100.883,12.949,100.883,100,cbi-018,หาดพัทยา,Pattaya Beach,CBI
12.910-100.855,12.91,100.855,100,cbi-019,หาดยินยอม,Yin Yom Beach,CBI
12.909-100.856,12.909,100.856,100,cbi-019,หาดยินยอม,Yin Yom Beach,CBI
12.909-100.855,12.909,100.855,100,cbi-019,หาดยินยอม,Yin Yom Beach,CBI
12.910-100.856,12.91,100.856,100,cbi-019,หาดยินยอม,Yin Yom Beach,CBI
12.908-100.857,12.908,100.857,100,cbi-019,หาดยินยอม,Yin Yom Beach,CBI
12.909-100.857,12.909,100.857,100,cbi-019,หาดยินยอม,Yin Yom Beach,CBI
12.907-100.858,12.907,100.858,100,cbi-019,หาดยินยอม,Yin Yom Beach,CBI
12.908-100.858,12.908,100.858,100,cbi-019,หาดยินยอม,Yin Yom Beach,CBI
12.906-100.859,12.906,100.859,100,cbi-019,หาดยินยอม,Yin Yom Beach,CBI
12.973-100.892,12.973,100.892,100,cbi-020,หาดวงพระจันทร์,Wong Phra Chan Beach,CBI
12.972-100.893,12.972,100.893,100,cbi-020,หาดวงพระจันทร์,Wong Phra Chan Beach,CBI
12.972-100.892,12.972,100.892,100,cbi-020,หาดวงพระจันทร์,Wong Phra Chan Beach,CBI
12.973-100.893,12.973,100.893,100,cbi-020,หาดวงพระจันทร์,Wong Phra Chan Beach,CBI
12.973-100.891,12.973,100.891,100,cbi-020,หาดวงพระจันทร์,Wong Phra Chan Beach,CBI
12.972-100.891,12.972,100.891,100,cbi-020,หาดวงพระจันทร์,Wong Phra Chan Beach,CBI
12.973-100.894,12.973,100.894,100,cbi-020,หาดวงพระจันทร์,Wong Phra Chan Beach,CBI
12.972-100.894,12.972,100.894,100,cbi-020,หาดวงพระจันทร์,Wong Phra Chan Beach,CBI
12.957-100.882,12.957,100.882,100,cbi-021,หาดวงศ์อำมาตย์,Wong Amat Beach,CBI
12.957-100.883,12.957,100.883,100,cbi-021,หาดวงศ์อำมาตย์,Wong Amat Beach,CBI
12.957-100.884,12.957,100.884,100,cbi-021,หาดวงศ์อำมาตย์,Wong Amat Beach,CBI
12.958-100.884,12.958,100.884,100,cbi-021,หาดวงศ์อำมาตย์,Wong Amat Beach,CBI
12.959-100.884,12.959,100.884,100,cbi-021,หาดวงศ์อำมาตย์,Wong Amat Beach,CBI
12.960-100.884,12.96,100.884,100,cbi-021,หาดวงศ์อำมาตย์,Wong Amat Beach,CBI
12.961-100.884,12.961,100.884,100,cbi-021,หาดวงศ์อำมาตย์,Wong Amat Beach,CBI
12.962-100.884,12.962,100.884,100,cbi-021,หาดวงศ์อำมาตย์,Wong Amat Beach,CBI
12.963-100.884,12.963,100.884,100,cbi-021,หาดวงศ์อำมาตย์,Wong Amat Beach,CBI
12.964-100.883,12.964,100.883,100,cbi-021,หาดวงศ์อำมาตย์,Wong Amat Beach,CBI
12.964-100.884,12.964,100.884,100,cbi-021,หาดวงศ์อำมาตย์,Wong Amat Beach,CBI
12.965-100.883,12.965,100.883,100,cbi-021,หาดวงศ์อำมาตย์,Wong Amat Beach,CBI
12.965-100.884,12.965,100.884,100,cbi-021,หาดวงศ์อำมาตย์,Wong Amat Beach,CBI
12.966-100.883,12.966,100.883,100,cbi-021,หาดวงศ์อำมาตย์,Wong Amat Beach,CBI
12.967-100.883,12.967,100.883,100,cbi-021,หาดวงศ์อำมาตย์,Wong Amat Beach,CBI
12.967-100.882,12.967,100.882,100,cbi-021,หาดวงศ์อำมาตย์,Wong Amat Beach,CBI
12.968-100.882,12.968,100.882,100,cbi-021,หาดวงศ์อำมาตย์,Wong Amat Beach,CBI
13.269-100.923,13.269,100.923,100,cbi-022,หาดวอนนภา,Wonnapa Beach,CBI
13.268-100.923,13.268,100.923,100,cbi-022,หาดวอนนภา,Wonnapa Beach,CBI
13.268-100.924,13.268,100.924,100,cbi-022,หาดวอนนภา,Wonnapa Beach,CBI
12.913-100.767,12.913,100.767,100,cbi-023,หาดแสม (เกาะล้าน),Samae Beach (Koh Larn),CBI
12.913-100.768,12.913,100.768,100,cbi-023,หาดแสม (เกาะล้าน),Samae Beach (Koh Larn),CBI
12.912-100.768,12.912,100.768,100,cbi-023,หาดแสม (เกาะล้าน),Samae Beach (Koh Larn),CBI
12.912-100.769,12.912,100.769,100,cbi-023,หาดแสม (เกาะล้าน),Samae Beach (Koh Larn),CBI
12.913-100.769,12.913,100.769,100,cbi-023,หาดแสม (เกาะล้าน),Samae Beach (Koh Larn),CBI
12.911-100.770,12.911,100.77,100,cbi-023,หาดแสม (เกาะล้าน),Samae Beach (Koh Larn),CBI
12.910-100.771,12.91,100.771,100,cbi-023,หาดแสม (เกาะล้าน),Samae Beach (Koh Larn),CBI
12.911-100.769,12.911,100.769,100,cbi-023,หาดแสม (เกาะล้าน),Samae Beach (Koh Larn),CBI
12.910-100.770,12.91,100.77,100,cbi-023,หาดแสม (เกาะล้าน),Samae Beach (Koh Larn),CBI
12.909-100.771,12.909,100.771,100,cbi-023,หาดแสม (เกาะล้าน),Samae Beach (Koh Larn),CBI
12.908-100.771,12.908,100.771,100,cbi-023,หาดแสม (เกาะล้าน),Samae Beach (Koh Larn),CBI
12.911-100.771,12.911,100.771,100,cbi-023,หาดแสม (เกาะล้าน),Samae Beach (Koh Larn),CBI
13.199-101.580,13.199,101.58,100,cbi-024,ถ้ำเขาชะอางค์ทรงเครื่อง,Khao Cha-ang Song Krueng Cave,CBI
13.200-101.580,13.2,101.58,100,cbi-024,ถ้ำเขาชะอางค์ทรงเครื่อง,Khao Cha-ang Song Krueng Cave,CBI
13.161-101.597,13.161,101.597,100,cbi-025,ถ้ำเขาชะอางค์ห้ายอด,Khao Cha-ang Ha Yod Cave,CBI
13.163-101.596,13.163,101.596,100,cbi-025,ถ้ำเขาชะอางค์ห้ายอด,Khao Cha-ang Ha Yod Cave,CBI
13.162-101.597,13.162,101.597,100,cbi-025,ถ้ำเขาชะอางค์ห้ายอด,Khao Cha-ang Ha Yod Cave,CBI
13.162-101.596,13.162,101.596,100,cbi-025,ถ้ำเขาชะอางค์ห้ายอด,Khao Cha-ang Ha Yod Cave,CBI
13.161-101.596,13.161,101.596,100,cbi-025,ถ้ำเขาชะอางค์ห้ายอด,Khao Cha-ang Ha Yod Cave,CBI
13.160-101.596,13.16,101.596,100,cbi-025,ถ้ำเขาชะอางค์ห้ายอด,Khao Cha-ang Ha Yod Cave,CBI
13.160-101.597,13.16,101.597,100,cbi-025,ถ้ำเขาชะอางค์ห้ายอด,Khao Cha-ang Ha Yod Cave,CBI
13.160-101.598,13.16,101.598,100,cbi-025,ถ้ำเขาชะอางค์ห้ายอด,Khao Cha-ang Ha Yod Cave,CBI
13.161-101.598,13.161,101.598,100,cbi-025,ถ้ำเขาชะอางค์ห้ายอด,Khao Cha-ang Ha Yod Cave,CBI
13.160-101.599,13.16,101.599,100,cbi-025,ถ้ำเขาชะอางค์ห้ายอด,Khao Cha-ang Ha Yod Cave,CBI
13.163-101.597,13.163,101.597,100,cbi-025,ถ้ำเขาชะอางค์ห้ายอด,Khao Cha-ang Ha Yod Cave,CBI
13.162-101.598,13.162,101.598,100,cbi-025,ถ้ำเขาชะอางค์ห้ายอด,Khao Cha-ang Ha Yod Cave,CBI
13.145-100.806,13.145,100.806,100,cbi-026,หาดถ้ำพัง อ่าวอัษฎางค์,Tham Phang Beach,CBI
13.145-100.807,13.145,100.807,100,cbi-026,หาดถ้ำพัง อ่าวอัษฎางค์,Tham Phang Beach,CBI
13.144-100.807,13.144,100.807,100,cbi-026,หาดถ้ำพัง อ่าวอัษฎางค์,Tham Phang Beach,CBI
13.146-100.806,13.146,100.806,100,cbi-026,หาดถ้ำพัง อ่าวอัษฎางค์,Tham Phang Beach,CBI
13.266-101.643,13.266,101.643,100,cbi-027,น้ำตกเขาใหญ่,Khao Yai Waterfall,CBI
13.266-101.644,13.266,101.644,100,cbi-027,น้ำตกเขาใหญ่,Khao Yai Waterfall,CBI
13.265-101.644,13.265,101.644,100,cbi-027,น้ำตกเขาใหญ่,Khao Yai Waterfall,CBI
13.265-101.643,13.265,101.643,100,cbi-027,น้ำตกเขาใหญ่,Khao Yai Waterfall,CBI
13.265-101.645,13.265,101.645,100,cbi-027,น้ำตกเขาใหญ่,Khao Yai Waterfall,CBI
13.266-101.645,13.266,101.645,100,cbi-027,น้ำตกเขาใหญ่,Khao Yai Waterfall,CBI
13.240-101.040,13.24,101.04,1000,cbi-028,น้ำตกชันตาเถร,Chan Ta Thera Waterfall,CBI
13.174-100.921,13.174,100.921,100,cbi-029,เกาะลอยศรีราชา,Koh Loi Sriracha,CBI
13.173-100.921,13.173,100.921,100,cbi-029,เกาะลอยศรีราชา,Koh Loi Sriracha,CBI
13.173-100.920,13.173,100.92,100,cbi-029,เกาะลอยศรีราชา,Koh Loi Sriracha,CBI
13.173-100.919,13.173,100.919,100,cbi-029,เกาะลอยศรีราชา,Koh Loi Sriracha,CBI
13.174-100.919,13.174,100.919,100,cbi-029,เกาะลอยศรีราชา,Koh Loi Sriracha,CBI
13.173-100.918,13.173,100.918,100,cbi-029,เกาะลอยศรีราชา,Koh Loi Sriracha,CBI
13.174-100.920,13.174,100.92,100,cbi-029,เกาะลอยศรีราชา,Koh Loi Sriracha,CBI
13.174-100.918,13.174,100.918,100,cbi-029,เกาะลอยศรีราชา,Koh Loi Sriracha,CBI
13.175-100.920,13.175,100.92,100,cbi-029,เกาะลอยศรีราชา,Koh Loi Sriracha,CBI
13.175-100.919,13.175,100.919,100,cbi-029,เกาะลอยศรีราชา,Koh Loi Sriracha,CBI
12.766-100.956,12.766,100.956,100,cbi-030,เขาชีจรรย์,Khao Chee Chan,CBI
12.766-100.957,12.766,100.957,100,cbi-030,เขาชีจรรย์,Khao Chee Chan,CBI
12.765-100.957,12.765,100.957,100,cbi-030,เขาชีจรรย์,Khao Chee Chan,CBI
12.765-100.956,12.765,100.956,100,cbi-030,เขาชีจรรย์,Khao Chee Chan,CBI
12.764-100.956,12.764,100.956,100,cbi-030,เขาชีจรรย์,Khao Chee Chan,CBI
12.764-100.957,12.764,100.957,100,cbi-030,เขาชีจรรย์,Khao Chee Chan,CBI
12.766-100.955,12.766,100.955,100,cbi-030,เขาชีจรรย์,Khao Chee Chan,CBI
12.765-100.955,12.765,100.955,100,cbi-030,เขาชีจรรย์,Khao Chee Chan,CBI
12.764-100.955,12.764,100.955,100,cbi-030,เขาชีจรรย์,Khao Chee Chan,CBI
12.764-100.954,12.764,100.954,100,cbi-030,เขาชีจรรย์,Khao Chee Chan,CBI
12.765-100.954,12.765,100.954,100,cbi-030,เขาชีจรรย์,Khao Chee Chan,CBI
12.766-100.954,12.766,100.954,100,cbi-030,เขาชีจรรย์,Khao Chee Chan,CBI
12.768-100.954,12.768,100.954,100,cbi-030,เขาชีจรรย์,Khao Chee Chan,CBI
12.767-100.954,12.767,100.954,100,cbi-030,เขาชีจรรย์,Khao Chee Chan,CBI
12.767-100.955,12.767,100.955,100,cbi-030,เขาชีจรรย์,Khao Chee Chan,CBI
12.767-100.956,12.767,100.956,100,cbi-030,เขาชีจรรย์,Khao Chee Chan,CBI
12.763-100.954,12.763,100.954,100,cbi-030,เขาชีจรรย์,Khao Chee Chan,CBI
12.763-100.955,12.763,100.955,100,cbi-030,เขาชีจรรย์,Khao Chee Chan,CBI
12.763-100.956,12.763,100.956,100,cbi-030,เขาชีจรรย์,Khao Chee Chan,CBI
12.763-100.957,12.763,100.957,100,cbi-030,เขาชีจรรย์,Khao Chee Chan,CBI
12.762-100.957,12.762,100.957,100,cbi-030,เขาชีจรรย์,Khao Chee Chan,CBI
12.761-100.956,12.761,100.956,100,cbi-030,เขาชีจรรย์,Khao Chee Chan,CBI
12.761-100.957,12.761,100.957,100,cbi-030,เขาชีจรรย์,Khao Chee Chan,CBI
12.762-100.955,12.762,100.955,100,cbi-030,เขาชีจรรย์,Khao Chee Chan,CBI
12.762-100.956,12.762,100.956,100,cbi-030,เขาชีจรรย์,Khao Chee Chan,CBI
12.761-100.955,12.761,100.955,100,cbi-030,เขาชีจรรย์,Khao Chee Chan,CBI
12.761-100.954,12.761,100.954,100,cbi-030,เขาชีจรรย์,Khao Chee Chan,CBI
12.762-100.954,12.762,100.954,100,cbi-030,เขาชีจรรย์,Khao Chee Chan,CBI
12.762-100.953,12.762,100.953,100,cbi-030,เขาชีจรรย์,Khao Chee Chan,CBI
12.763-100.953,12.763,100.953,100,cbi-030,เขาชีจรรย์,Khao Chee Chan,CBI
12.764-100.953,12.764,100.953,100,cbi-030,เขาชีจรรย์,Khao Chee Chan,CBI
12.765-100.953,12.765,100.953,100,cbi-030,เขาชีจรรย์,Khao Chee Chan,CBI
12.766-100.953,12.766,100.953,100,cbi-030,เขาชีจรรย์,Khao Chee Chan,CBI
12.767-100.953,12.767,100.953,100,cbi-030,เขาชีจรรย์,Khao Chee Chan,CBI
12.768-100.953,12.768,100.953,100,cbi-030,เขาชีจรรย์,Khao Chee Chan,CBI
12.972-100.888,12.972,100.888,100,cbi-031,ปราสาทสัจธรรม,The Sanctuary of Truth,CBI
12.972-100.889,12.972,100.889,100,cbi-031,ปราสาทสัจธรรม,The Sanctuary of Truth,CBI
12.973-100.889,12.973,100.889,100,cbi-031,ปราสาทสัจธรรม,The Sanctuary of Truth,CBI
12.973-100.888,12.973,100.888,100,cbi-031,ปราสาทสัจธรรม,The Sanctuary of Truth,CBI
13.362-100.983,13.362,100.983,100,cbi-032,พระบรมรูปพระบาทสมเด็จพระจุลจอมเกล้าเจ้าอยู่หัว,King Rama V Memorial Chonburi,CBI
13.453-101.184,13.453,101.184,100,cbi-033,พระพุทธมิ่งเมือง,Phra Phuttha Ming Muang,CBI
13.454-101.184,13.454,101.184,100,cbi-033,พระพุทธมิ่งเมือง,Phra Phuttha Ming Muang,CBI
12.765-100.957,12.765,100.957,100,cbi-034,พระพุธมหาวชิรอุตตโมภาสศาสดา,Phra Phut Maha Vajira Uttamo Pas Sasada,CBI
12.765-100.956,12.765,100.956,100,cbi-034,พระพุธมหาวชิรอุตตโมภาสศาสดา,Phra Phut Maha Vajira Uttamo Pas Sasada,CBI
13.148-100.817,13.148,100.817,100,cbi-035,พิพิธภัณฑ์พระจุฑาธุชราชฐาน,Phra Jutha Tucharatchathan Museum,CBI
13.148-100.818,13.148,100.818,100,cbi-035,พิพิธภัณฑ์พระจุฑาธุชราชฐาน,Phra Jutha Tucharatchathan Museum,CBI
13.392-100.988,13.392,100.988,100,cbi-036,วัดเขาพระพุทธบาทบางทราย,Wat Khao Phra Phutthabat Bang Sai,CBI
13.585-101.140,13.585,101.14,100,cbi-037,วัดโคกพนมดี,Wat Khok Phanom Dee,CBI
13.585-101.141,13.585,101.141,100,cbi-037,วัดโคกพนมดี,Wat Khok Phanom Dee,CBI
13.366-101.246,13.366,101.246,100,cbi-038,วัดชุมแสงศรีวนาราม,Wat Chum Saeng Si Wanaram,CBI
13.366-101.247,13.366,101.247,100,cbi-038,วัดชุมแสงศรีวนาราม,Wat Chum Saeng Si Wanaram,CBI
13.367-101.247,13.367,101.247,100,cbi-038,วัดชุมแสงศรีวนาราม,Wat Chum Saeng Si Wanaram,CBI
13.367-101.246,13.367,101.246,100,cbi-038,วัดชุมแสงศรีวนาราม,Wat Chum Saeng Si Wanaram,CBI
12.789-100.959,12.789,100.959,100,cbi-039,วัดญาณสังวรารามวรมหาวิหาร,Wat Yan Sangwararam Woramahawihan,CBI
12.789-100.960,12.789,100.96,100,cbi-039,วัดญาณสังวรารามวรมหาวิหาร,Wat Yan Sangwararam Woramahawihan,CBI
12.790-100.959,12.79,100.959,100,cbi-039,วัดญาณสังวรารามวรมหาวิหาร,Wat Yan Sangwararam Woramahawihan,CBI
12.790-100.960,12.79,100.96,100,cbi-039,วัดญาณสังวรารามวรมหาวิหาร,Wat Yan Sangwararam Woramahawihan,CBI
13.491-101.181,13.491,101.181,100,cbi-040,วัดใต้ต้นลาน,Wat Tai Ton Lan,CBI
13.290-101.042,13.29,101.042,100,cbi-041,วัดป่าอัมพวัน,Wat Pa Ampawan,CBI
13.289-101.042,13.289,101.042,100,cbi-041,วัดป่าอัมพวัน,Wat Pa Ampawan,CBI
13.299-100.917,13.299,100.917,100,cbi-042,วัดแสนสุขสุทธิวราราม,Wat Saen Suk Suthi Wararam,CBI
13.298-100.917,13.298,100.917,100,cbi-042,วัดแสนสุขสุทธิวราราม,Wat Saen Suk Suthi Wararam,CBI
13.299-100.918,13.299,100.918,100,cbi-042,วัดแสนสุขสุทธิวราราม,Wat Saen Suk Suthi Wararam,CBI
13.298-100.918,13.298,100.918,100,cbi-042,วัดแสนสุขสุทธิวราราม,Wat Saen Suk Suthi Wararam,CBI
12.996-100.942,12.996,100.942,100,cbi-043,วัดหนองเกตุน้อย,Wat Nong Ket Noi,CBI
12.996-100.943,12.996,100.943,100,cbi-043,วัดหนองเกตุน้อย,Wat Nong Ket Noi,CBI
12.995-100.942,12.995,100.942,100,cbi-043,วัดหนองเกตุน้อย,Wat Nong Ket Noi,CBI
12.996-100.941,12.996,100.941,100,cbi-043,วัดหนองเกตุน้อย,Wat Nong Ket Noi,CBI
12.995-100.941,12.995,100.941,100,cbi-043,วัดหนองเกตุน้อย,Wat Nong Ket Noi,CBI
13.505-101.165,13.505,101.165,100,cbi-044,วัดหลวงพรหมวาส,Wat Luang Phrom Was,CBI
13.505-101.166,13.505,101.166,100,cbi-044,วัดหลวงพรหมวาส,Wat Luang Phrom Was,CBI
13.506-101.165,13.506,101.165,100,cbi-044,วัดหลวงพรหมวาส,Wat Luang Phrom Was,CBI
12.663-100.897,12.663,100.897,100,cbi-045,วัดหลวงพ่ออี๋ (วัดสัตหีบ),Wat Luang Por Yi (Wat Sattahip),CBI
12.663-100.898,12.663,100.898,100,cbi-045,วัดหลวงพ่ออี๋ (วัดสัตหีบ),Wat Luang Por Yi (Wat Sattahip),CBI
12.664-100.898,12.664,100.898,100,cbi-045,วัดหลวงพ่ออี๋ (วัดสัตหีบ),Wat Luang Por Yi (Wat Sattahip),CBI
12.664-100.897,12.664,100.897,100,cbi-045,วัดหลวงพ่ออี๋ (วัดสัตหีบ),Wat Luang Por Yi (Wat Sattahip),CBI
12.662-100.898,12.662,100.898,100,cbi-045,วัดหลวงพ่ออี๋ (วัดสัตหีบ),Wat Luang Por Yi (Wat Sattahip),CBI
13.363-100.988,13.363,100.988,100,cbi-046,วัดใหญ่อินทาราม,Wat Yai Intharam,CBI
13.364-100.988,13.364,100.988,100,cbi-046,วัดใหญ่อินทาราม,Wat Yai Intharam,CBI
13.363-100.987,13.363,100.987,100,cbi-046,วัดใหญ่อินทาราม,Wat Yai Intharam,CBI
13.364-100.987,13.364,100.987,100,cbi-046,วัดใหญ่อินทาราม,Wat Yai Intharam,CBI
13.337-100.928,13.337,100.928,100,cbi-047,วัดอ่างศิลา,Wat Ang Sila,CBI
13.337-100.927,13.337,100.927,100,cbi-047,วัดอ่างศิลา,Wat Ang Sila,CBI
13.336-100.927,13.336,100.927,100,cbi-047,วัดอ่างศิลา,Wat Ang Sila,CBI
13.336-100.928,13.336,100.928,100,cbi-047,วัดอ่างศิลา,Wat Ang Sila,CBI
13.329-100.922,13.329,100.922,100,cbi-048,วิหารเทพสถิตพระกิติเฉลิม (ศาลเจ้าหน่าจาซาไท้จื้อ),Wat Phra Kiti Chalerm (Naja Sa Tai Zi Shrine),CBI
13.329-100.923,13.329,100.923,100,cbi-048,วิหารเทพสถิตพระกิติเฉลิม (ศาลเจ้าหน่าจาซาไท้จื้อ),Wat Phra Kiti Chalerm (Naja Sa Tai Zi Shrine),CBI
13.328-100.923,13.328,100.923,100,cbi-048,วิหารเทพสถิตพระกิติเฉลิม (ศาลเจ้าหน่าจาซาไท้จื้อ),Wat Phra Kiti Chalerm (Naja Sa Tai Zi Shrine),CBI
13.328-100.922,13.328,100.922,100,cbi-048,วิหารเทพสถิตพระกิติเฉลิม (ศาลเจ้าหน่าจาซาไท้จื้อ),Wat Phra Kiti Chalerm (Naja Sa Tai Zi Shrine),CBI
13.150-100.818,13.15,100.818,100,cbi-048,วิหารเทพสถิตพระกิติเฉลิม (ศาลเจ้าหน่าจาซาไท้จื้อ),Wat Phra Kiti Chalerm (Naja Sa Tai Zi Shrine),CBI
13.150-100.817,13.15,100.817,100,cbi-048,วิหารเทพสถิตพระกิติเฉลิม (ศาลเจ้าหน่าจาซาไท้จื้อ),Wat Phra Kiti Chalerm (Naja Sa Tai Zi Shrine),CBI
13.149-100.817,13.149,100.817,100,cbi-048,วิหารเทพสถิตพระกิติเฉลิม (ศาลเจ้าหน่าจาซาไท้จื้อ),Wat Phra Kiti Chalerm (Naja Sa Tai Zi Shrine),CBI
13.451-101.176,13.451,101.176,100,cbi-050,หอพระพนัสบดี,Phra Phanusbadi Hall,CBI
13.451-101.177,13.451,101.177,100,cbi-050,หอพระพนัสบดี,Phra Phanusbadi Hall,CBI
13.359-100.983,13.359,100.983,100,cbi-051,หอพระพุทธสิหิงค์,Phra Buddha Shihing Hall,CBI
13.360-100.983,13.36,100.983,100,cbi-051,หอพระพุทธสิหิงค์,Phra Buddha Shihing Hall,CBI
13.359-100.984,13.359,100.984,100,cbi-051,หอพระพุทธสิหิงค์,Phra Buddha Shihing Hall,CBI
12.776-100.907,12.776,100.907,100,cbi-052,บียอนลิมิตปาร์ค,Beyond Limits park,CBI
12.775-100.907,12.775,100.907,100,cbi-052,บียอนลิมิตปาร์ค,Beyond Limits park,CBI
13.154-100.983,13.154,100.983,100,cbi-053,เจปาร์ค ศรีราชา,J park Sriracha,CBI
13.153-100.983,13.153,100.983,100,cbi-053,เจปาร์ค ศรีราชา,J park Sriracha,CBI
12.972-100.976,12.972,100.976,100,cbi-054,ฟาร์มแกะพัทยา,Pattaya Sheep Farm,CBI
12.973-100.976,12.973,100.976,100,cbi-054,ฟาร์มแกะพัทยา,Pattaya Sheep Farm,CBI
12.972-100.975,12.972,100.975,100,cbi-054,ฟาร์มแกะพัทยา,Pattaya Sheep Farm,CBI
12.973-100.975,12.973,100.975,100,cbi-054,ฟาร์มแกะพัทยา,Pattaya Sheep Farm,CBI
12.925-100.872,12.925,100.872,100,cbi-055,ถนนคนเดินพัทยา,Walking Street Pattaya,CBI
12.925-100.873,12.925,100.873,100,cbi-055,ถนนคนเดินพัทยา,Walking Street Pattaya,CBI
12.926-100.873,12.926,100.873,100,cbi-055,ถนนคนเดินพัทยา,Walking Street Pattaya,CBI
12.926-100.872,12.926,100.872,100,cbi-055,ถนนคนเดินพัทยา,Walking Street Pattaya,CBI
12.925-100.871,12.925,100.871,100,cbi-055,ถนนคนเดินพัทยา,Walking Street Pattaya,CBI
12.927-100.873,12.927,100.873,100,cbi-055,ถนนคนเดินพัทยา,Walking Street Pattaya,CBI
12.925-100.870,12.925,100.87,100,cbi-055,ถนนคนเดินพัทยา,Walking Street Pattaya,CBI
12.924-100.871,12.924,100.871,100,cbi-055,ถนนคนเดินพัทยา,Walking Street Pattaya,CBI
12.924-100.872,12.924,100.872,100,cbi-055,ถนนคนเดินพัทยา,Walking Street Pattaya,CBI
12.924-100.873,12.924,100.873,100,cbi-055,ถนนคนเดินพัทยา,Walking Street Pattaya,CBI
12.924-100.870,12.924,100.87,100,cbi-055,ถนนคนเดินพัทยา,Walking Street Pattaya,CBI
12.925-100.874,12.925,100.874,100,cbi-055,ถนนคนเดินพัทยา,Walking Street Pattaya,CBI
12.926-100.875,12.926,100.875,100,cbi-055,ถนนคนเดินพัทยา,Walking Street Pattaya,CBI
12.926-100.874,12.926,100.874,100,cbi-055,ถนนคนเดินพัทยา,Walking Street Pattaya,CBI
12.925-100.875,12.925,100.875,100,cbi-055,ถนนคนเดินพัทยา,Walking Street Pattaya,CBI
12.927-100.876,12.927,100.876,100,cbi-055,ถนนคนเดินพัทยา,Walking Street Pattaya,CBI
12.927-100.875,12.927,100.875,100,cbi-055,ถนนคนเดินพัทยา,Walking Street Pattaya,CBI
12.927-100.874,12.927,100.874,100,cbi-055,ถนนคนเดินพัทยา,Walking Street Pattaya,CBI
12.928-100.875,12.928,100.875,100,cbi-055,ถนนคนเดินพัทยา,Walking Street Pattaya,CBI
12.928-100.877,12.928,100.877,100,cbi-055,ถนนคนเดินพัทยา,Walking Street Pattaya,CBI
12.928-100.876,12.928,100.876,100,cbi-055,ถนนคนเดินพัทยา,Walking Street Pattaya,CBI
12.927-100.877,12.927,100.877,100,cbi-055,ถนนคนเดินพัทยา,Walking Street Pattaya,CBI
12.928-100.878,12.928,100.878,100,cbi-055,ถนนคนเดินพัทยา,Walking Street Pattaya,CBI
12.928-100.879,12.928,100.879,100,cbi-055,ถนนคนเดินพัทยา,Walking Street Pattaya,CBI
12.929-100.879,12.929,100.879,100,cbi-055,ถนนคนเดินพัทยา,Walking Street Pattaya,CBI
12.929-100.878,12.929,100.878,100,cbi-055,ถนนคนเดินพัทยา,Walking Street Pattaya,CBI
12.930-100.879,12.93,100.879,100,cbi-055,ถนนคนเดินพัทยา,Walking Street Pattaya,CBI
12.930-100.878,12.93,100.878,100,cbi-055,ถนนคนเดินพัทยา,Walking Street Pattaya,CBI
12.929-100.880,12.929,100.88,100,cbi-055,ถนนคนเดินพัทยา,Walking Street Pattaya,CBI
12.930-100.880,12.93,100.88,100,cbi-055,ถนนคนเดินพัทยา,Walking Street Pattaya,CBI
12.931-100.881,12.931,100.881,100,cbi-055,ถนนคนเดินพัทยา,Walking Street Pattaya,CBI
12.931-100.882,12.931,100.882,100,cbi-055,ถนนคนเดินพัทยา,Walking Street Pattaya,CBI
12.932-100.882,12.932,100.882,100,cbi-055,ถนนคนเดินพัทยา,Walking Street Pattaya,CBI
12.932-100.881,12.932,100.881,100,cbi-055,ถนนคนเดินพัทยา,Walking Street Pattaya,CBI
12.931-100.880,12.931,100.88,100,cbi-055,ถนนคนเดินพัทยา,Walking Street Pattaya,CBI
12.922-100.865,12.922,100.865,100,cbi-056,เขาพระตำหนัก (เขาพระบาท),Khao Pratumnak (Khao Phra Bat),CBI
12.922-100.866,12.922,100.866,100,cbi-056,เขาพระตำหนัก (เขาพระบาท),Khao Pratumnak (Khao Phra Bat),CBI
12.921-100.867,12.921,100.867,100,cbi-056,เขาพระตำหนัก (เขาพระบาท),Khao Pratumnak (Khao Phra Bat),CBI
12.921-100.866,12.921,100.866,100,cbi-056,เขาพระตำหนัก (เขาพระบาท),Khao Pratumnak (Khao Phra Bat),CBI
12.921-100.865,12.921,100.865,100,cbi-056,เขาพระตำหนัก (เขาพระบาท),Khao Pratumnak (Khao Phra Bat),CBI
12.920-100.866,12.92,100.866,100,cbi-056,เขาพระตำหนัก (เขาพระบาท),Khao Pratumnak (Khao Phra Bat),CBI
12.920-100.867,12.92,100.867,100,cbi-056,เขาพระตำหนัก (เขาพระบาท),Khao Pratumnak (Khao Phra Bat),CBI
12.919-100.867,12.919,100.867,100,cbi-056,เขาพระตำหนัก (เขาพระบาท),Khao Pratumnak (Khao Phra Bat),CBI
12.919-100.866,12.919,100.866,100,cbi-056,เขาพระตำหนัก (เขาพระบาท),Khao Pratumnak (Khao Phra Bat),CBI
12.883-100.888,12.883,100.888,100,cbi-057,จังเกิล บันจี้จั๊ม จอมเทียน,Jungle Bungy Jump Jomtien,CBI
12.868-100.904,12.868,100.904,100,cbi-058,ตลาดน้ำสี่ภาค,Pattaya Floating Market,CBI
12.868-100.905,12.868,100.905,100,cbi-058,ตลาดน้ำสี่ภาค,Pattaya Floating Market,CBI
12.868-100.906,12.868,100.906,100,cbi-058,ตลาดน้ำสี่ภาค,Pattaya Floating Market,CBI
12.867-100.906,12.867,100.906,100,cbi-058,ตลาดน้ำสี่ภาค,Pattaya Floating Market,CBI
12.867-100.905,12.867,100.905,100,cbi-058,ตลาดน้ำสี่ภาค,Pattaya Floating Market,CBI
12.867-100.904,12.867,100.904,100,cbi-058,ตลาดน้ำสี่ภาค,Pattaya Floating Market,CBI
12.869-100.904,12.869,100.904,100,cbi-058,ตลาดน้ำสี่ภาค,Pattaya Floating Market,CBI
12.948-100.887,12.948,100.887,100,cbi-059,ทิฟฟานี่โชว์,Tiffany's Show,CBI
12.949-100.887,12.949,100.887,100,cbi-059,ทิฟฟานี่โชว์,Tiffany's Show,CBI
12.981-100.918,12.981,100.918,100,cbi-060,บ้านสุขาวดี,Baan Sukhawadee,CBI
12.982-100.918,12.982,100.918,100,cbi-060,บ้านสุขาวดี,Baan Sukhawadee,CBI
12.981-100.917,12.981,100.917,100,cbi-060,บ้านสุขาวดี,Baan Sukhawadee,CBI
12.982-100.917,12.982,100.917,100,cbi-060,บ้านสุขาวดี,Baan Sukhawadee,CBI
12.864-100.916,12.864,100.916,100,cbi-061,พัทยาชู้ทติ้ง พาร์ค,Pattaya Shooting Park,CBI
12.864-100.915,12.864,100.915,100,cbi-061,พัทยาชู้ทติ้ง พาร์ค,Pattaya Shooting Park,CBI
12.863-100.915,12.863,100.915,100,cbi-061,พัทยาชู้ทติ้ง พาร์ค,Pattaya Shooting Park,CBI
12.863-100.916,12.863,100.916,100,cbi-061,พัทยาชู้ทติ้ง พาร์ค,Pattaya Shooting Park,CBI
12.835-100.942,12.835,100.942,100,cbi-062,พัทยาดอลฟินเวิลด์แอนด์รีสอร์ท,Pattaya Dolphin World & Resort,CBI
12.835-100.941,12.835,100.941,100,cbi-062,พัทยาดอลฟินเวิลด์แอนด์รีสอร์ท,Pattaya Dolphin World & Resort,CBI
12.834-100.942,12.834,100.942,100,cbi-062,พัทยาดอลฟินเวิลด์แอนด์รีสอร์ท,Pattaya Dolphin World & Resort,CBI
12.834-100.941,12.834,100.941,100,cbi-062,พัทยาดอลฟินเวิลด์แอนด์รีสอร์ท,Pattaya Dolphin World & Resort,CBI
12.833-100.941,12.833,100.941,100,cbi-062,พัทยาดอลฟินเวิลด์แอนด์รีสอร์ท,Pattaya Dolphin World & Resort,CBI
12.833-100.942,12.833,100.942,100,cbi-062,พัทยาดอลฟินเวิลด์แอนด์รีสอร์ท,Pattaya Dolphin World & Resort,CBI
12.946-100.884,12.946,100.884,100,cbi-063,พิพิธภัณฑ์ตุ๊กตาหมี,Teddy Bear Museum,CBI
12.946-100.885,12.946,100.885,100,cbi-063,พิพิธภัณฑ์ตุ๊กตาหมี,Teddy Bear Museum,CBI
12.928-100.878,12.928,100.878,100,cbi-064,พิพิธภัณฑ์ริบลีส์,Ripley's Museum,CBI
12.956-100.907,12.956,100.907,100,cbi-065,พิพิธภัณฑ์ศิลปะในขวดแก้ว,Glass Art Museum,CBI
12.906-100.883,12.906,100.883,100,cbi-066,เพ้นท์บอลปาร์ค,Paintball Park,CBI
12.602-100.953,12.602,100.953,100,cbi-067,เพอคูล่าฟาร์ม,Percula Farm,CBI
12.839-100.912,12.839,100.912,100,cbi-068,มิโมซ่า พัทยา,Mimosa Pattaya,CBI
12.840-100.912,12.84,100.912,100,cbi-068,มิโมซ่า พัทยา,Mimosa Pattaya,CBI
12.923-100.885,12.923,100.885,100,cbi-069,เรือดำน้ำวิมานใต้ทะเล,Pilom Thai Submarine,CBI
12.850-100.914,12.85,100.914,100,cbi-070,โรงละครไทยอลังการ,Thai Alangkarn Theatre,CBI
12.850-100.915,12.85,100.915,100,cbi-070,โรงละครไทยอลังการ,Thai Alangkarn Theatre,CBI
12.851-100.915,12.851,100.915,100,cbi-070,โรงละครไทยอลังการ,Thai Alangkarn Theatre,CBI
12.851-100.914,12.851,100.914,100,cbi-070,โรงละครไทยอลังการ,Thai Alangkarn Theatre,CBI
12.947-100.889,12.947,100.889,100,cbi-071,โรงละครมายากล ทักซิโด้ พัทยา,Tuxedo  Magic Theatre Pattaya,CBI
12.946-100.889,12.946,100.889,100,cbi-071,โรงละครมายากล ทักซิโด้ พัทยา,Tuxedo  Magic Theatre Pattaya,CBI
12.761-100.962,12.761,100.962,100,cbi-072,ไร่องุ่นซิลเวอร์เลค,Silver Lake Vineyard,CBI
12.762-100.962,12.762,100.962,100,cbi-072,ไร่องุ่นซิลเวอร์เลค,Silver Lake Vineyard,CBI
12.761-100.963,12.761,100.963,100,cbi-072,ไร่องุ่นซิลเวอร์เลค,Silver Lake Vineyard,CBI
12.760-100.964,12.76,100.964,100,cbi-072,ไร่องุ่นซิลเวอร์เลค,Silver Lake Vineyard,CBI
12.759-100.965,12.759,100.965,100,cbi-072,ไร่องุ่นซิลเวอร์เลค,Silver Lake Vineyard,CBI
12.758-100.965,12.758,100.965,100,cbi-072,ไร่องุ่นซิลเวอร์เลค,Silver Lake Vineyard,CBI
12.757-100.964,12.757,100.964,100,cbi-072,ไร่องุ่นซิลเวอร์เลค,Silver Lake Vineyard,CBI
12.757-100.965,12.757,100.965,100,cbi-072,ไร่องุ่นซิลเวอร์เลค,Silver Lake Vineyard,CBI
12.756-100.963,12.756,100.963,100,cbi-072,ไร่องุ่นซิลเวอร์เลค,Silver Lake Vineyard,CBI
12.756-100.962,12.756,100.962,100,cbi-072,ไร่องุ่นซิลเวอร์เลค,Silver Lake Vineyard,CBI
12.755-100.961,12.755,100.961,100,cbi-072,ไร่องุ่นซิลเวอร์เลค,Silver Lake Vineyard,CBI
12.756-100.961,12.756,100.961,100,cbi-072,ไร่องุ่นซิลเวอร์เลค,Silver Lake Vineyard,CBI
12.757-100.961,12.757,100.961,100,cbi-072,ไร่องุ่นซิลเวอร์เลค,Silver Lake Vineyard,CBI
12.758-100.961,12.758,100.961,100,cbi-072,ไร่องุ่นซิลเวอร์เลค,Silver Lake Vineyard,CBI
12.759-100.961,12.759,100.961,100,cbi-072,ไร่องุ่นซิลเวอร์เลค,Silver Lake Vineyard,CBI
12.760-100.961,12.76,100.961,100,cbi-072,ไร่องุ่นซิลเวอร์เลค,Silver Lake Vineyard,CBI
12.760-100.962,12.76,100.962,100,cbi-072,ไร่องุ่นซิลเวอร์เลค,Silver Lake Vineyard,CBI
12.760-100.963,12.76,100.963,100,cbi-072,ไร่องุ่นซิลเวอร์เลค,Silver Lake Vineyard,CBI
12.759-100.960,12.759,100.96,100,cbi-072,ไร่องุ่นซิลเวอร์เลค,Silver Lake Vineyard,CBI
12.759-100.963,12.759,100.963,100,cbi-072,ไร่องุ่นซิลเวอร์เลค,Silver Lake Vineyard,CBI
12.759-100.964,12.759,100.964,100,cbi-072,ไร่องุ่นซิลเวอร์เลค,Silver Lake Vineyard,CBI
12.759-100.962,12.759,100.962,100,cbi-072,ไร่องุ่นซิลเวอร์เลค,Silver Lake Vineyard,CBI
12.758-100.962,12.758,100.962,100,cbi-072,ไร่องุ่นซิลเวอร์เลค,Silver Lake Vineyard,CBI
12.758-100.963,12.758,100.963,100,cbi-072,ไร่องุ่นซิลเวอร์เลค,Silver Lake Vineyard,CBI
12.758-100.964,12.758,100.964,100,cbi-072,ไร่องุ่นซิลเวอร์เลค,Silver Lake Vineyard,CBI
12.757-100.963,12.757,100.963,100,cbi-072,ไร่องุ่นซิลเวอร์เลค,Silver Lake Vineyard,CBI
12.757-100.962,12.757,100.962,100,cbi-072,ไร่องุ่นซิลเวอร์เลค,Silver Lake Vineyard,CBI
12.780-100.956,12.78,100.956,100,cbi-073,วันเดอร์ฟาร์ม,Wonder Farm,CBI
12.781-100.956,12.781,100.956,100,cbi-073,วันเดอร์ฟาร์ม,Wonder Farm,CBI
12.636-100.926,12.636,100.926,100,cbi-074,ศูนย์อนุรักษ์พันธุ์เต่าทะเล ฐานทัพเรือสัตหีบ,Sea Turtle Conservation Center Sattahip Naval Base,CBI
12.635-100.926,12.635,100.926,100,cbi-074,ศูนย์อนุรักษ์พันธุ์เต่าทะเล ฐานทัพเรือสัตหีบ,Sea Turtle Conservation Center Sattahip Naval Base,CBI
12.635-100.925,12.635,100.925,100,cbi-074,ศูนย์อนุรักษ์พันธุ์เต่าทะเล ฐานทัพเรือสัตหีบ,Sea Turtle Conservation Center Sattahip Naval Base,CBI
12.636-100.925,12.636,100.925,100,cbi-074,ศูนย์อนุรักษ์พันธุ์เต่าทะเล ฐานทัพเรือสัตหีบ,Sea Turtle Conservation Center Sattahip Naval Base,CBI
12.635-100.924,12.635,100.924,100,cbi-074,ศูนย์อนุรักษ์พันธุ์เต่าทะเล ฐานทัพเรือสัตหีบ,Sea Turtle Conservation Center Sattahip Naval Base,CBI
13.284-100.924,13.284,100.924,100,cbi-075,สถาบันวิทยาศาสตร์ทางทะเล มหาวิทยาลัยบูรพา,Institute of Marine Science Burapha University,CBI
13.284-100.925,13.284,100.925,100,cbi-075,สถาบันวิทยาศาสตร์ทางทะเล มหาวิทยาลัยบูรพา,Institute of Marine Science Burapha University,CBI
13.285-100.925,13.285,100.925,100,cbi-075,สถาบันวิทยาศาสตร์ทางทะเล มหาวิทยาลัยบูรพา,Institute of Marine Science Burapha University,CBI
13.285-100.924,13.285,100.924,100,cbi-075,สถาบันวิทยาศาสตร์ทางทะเล มหาวิทยาลัยบูรพา,Institute of Marine Science Burapha University,CBI
12.986-100.956,12.986,100.956,100,cbi-076,สวนช้าง (กระทิงลาย),Elephant Park (Krathing Lai),CBI
12.769-100.930,12.769,100.93,100,cbi-077,สวนนงนุช,Nong Nooch Tropical Botanical Garden,CBI
12.769-100.929,12.769,100.929,100,cbi-077,สวนนงนุช,Nong Nooch Tropical Botanical Garden,CBI
12.768-100.929,12.768,100.929,100,cbi-077,สวนนงนุช,Nong Nooch Tropical Botanical Garden,CBI
12.768-100.930,12.768,100.93,100,cbi-077,สวนนงนุช,Nong Nooch Tropical Botanical Garden,CBI
12.768-100.931,12.768,100.931,100,cbi-077,สวนนงนุช,Nong Nooch Tropical Botanical Garden,CBI
12.768-100.932,12.768,100.932,100,cbi-077,สวนนงนุช,Nong Nooch Tropical Botanical Garden,CBI
12.768-100.933,12.768,100.933,100,cbi-077,สวนนงนุช,Nong Nooch Tropical Botanical Garden,CBI
12.768-100.934,12.768,100.934,100,cbi-077,สวนนงนุช,Nong Nooch Tropical Botanical Garden,CBI
12.769-100.932,12.769,100.932,100,cbi-077,สวนนงนุช,Nong Nooch Tropical Botanical Garden,CBI
12.767-100.934,12.767,100.934,100,cbi-077,สวนนงนุช,Nong Nooch Tropical Botanical Garden,CBI
12.767-100.932,12.767,100.932,100,cbi-077,สวนนงนุช,Nong Nooch Tropical Botanical Garden,CBI
12.767-100.933,12.767,100.933,100,cbi-077,สวนนงนุช,Nong Nooch Tropical Botanical Garden,CBI
12.767-100.931,12.767,100.931,100,cbi-077,สวนนงนุช,Nong Nooch Tropical Botanical Garden,CBI
12.767-100.930,12.767,100.93,100,cbi-077,สวนนงนุช,Nong Nooch Tropical Botanical Garden,CBI
12.766-100.930,12.766,100.93,100,cbi-077,สวนนงนุช,Nong Nooch Tropical Botanical Garden,CBI
12.767-100.929,12.767,100.929,100,cbi-077,สวนนงนุช,Nong Nooch Tropical Botanical Garden,CBI
12.766-100.931,12.766,100.931,100,cbi-077,สวนนงนุช,Nong Nooch Tropical Botanical Garden,CBI
12.765-100.931,12.765,100.931,100,cbi-077,สวนนงนุช,Nong Nooch Tropical Botanical Garden,CBI
12.764-100.931,12.764,100.931,100,cbi-077,สวนนงนุช,Nong Nooch Tropical Botanical Garden,CBI
12.765-100.932,12.765,100.932,100,cbi-077,สวนนงนุช,Nong Nooch Tropical Botanical Garden,CBI
12.764-100.932,12.764,100.932,100,cbi-077,สวนนงนุช,Nong Nooch Tropical Botanical Garden,CBI
12.764-100.933,12.764,100.933,100,cbi-077,สวนนงนุช,Nong Nooch Tropical Botanical Garden,CBI
12.765-100.934,12.765,100.934,100,cbi-077,สวนนงนุช,Nong Nooch Tropical Botanical Garden,CBI
12.765-100.933,12.765,100.933,100,cbi-077,สวนนงนุช,Nong Nooch Tropical Botanical Garden,CBI
12.766-100.932,12.766,100.932,100,cbi-077,สวนนงนุช,Nong Nooch Tropical Botanical Garden,CBI
12.766-100.933,12.766,100.933,100,cbi-077,สวนนงนุช,Nong Nooch Tropical Botanical Garden,CBI
12.766-100.934,12.766,100.934,100,cbi-077,สวนนงนุช,Nong Nooch Tropical Botanical Garden,CBI
12.766-100.935,12.766,100.935,100,cbi-077,สวนนงนุช,Nong Nooch Tropical Botanical Garden,CBI
12.765-100.935,12.765,100.935,100,cbi-077,สวนนงนุช,Nong Nooch Tropical Botanical Garden,CBI
12.764-100.935,12.764,100.935,100,cbi-077,สวนนงนุช,Nong Nooch Tropical Botanical Garden,CBI
12.764-100.934,12.764,100.934,100,cbi-077,สวนนงนุช,Nong Nooch Tropical Botanical Garden,CBI
12.928-100.948,12.928,100.948,100,cbi-078,สวนป่าพนารักษ์,Panarak Forest Park,CBI
12.927-100.948,12.927,100.948,100,cbi-078,สวนป่าพนารักษ์,Panarak Forest Park,CBI
12.974-100.967,12.974,100.967,100,cbi-079,สวนผึ้งบิ๊กบี,Big Bee Garden,CBI
12.974-100.968,12.974,100.968,100,cbi-079,สวนผึ้งบิ๊กบี,Big Bee Garden,CBI
13.155-100.994,13.155,100.994,100,cbi-080,สวนรุกขชาติหนองตาอยู่,Nong Ta Yu Arboretum,CBI
13.155-100.995,13.155,100.995,100,cbi-080,สวนรุกขชาติหนองตาอยู่,Nong Ta Yu Arboretum,CBI
13.156-100.995,13.156,100.995,100,cbi-080,สวนรุกขชาติหนองตาอยู่,Nong Ta Yu Arboretum,CBI
13.156-100.994,13.156,100.994,100,cbi-080,สวนรุกขชาติหนองตาอยู่,Nong Ta Yu Arboretum,CBI
13.210-101.060,13.21,101.06,1000,cbi-081,สวนสัตว์เปิดเขาเขียว,Khao Kheow Open Zoo,CBI
13.200-101.050,13.2,101.05,1000,cbi-081,สวนสัตว์เปิดเขาเขียว,Khao Kheow Open Zoo,CBI
13.200-101.060,13.2,101.06,1000,cbi-081,สวนสัตว์เปิดเขาเขียว,Khao Kheow Open Zoo,CBI
13.210-101.050,13.21,101.05,1000,cbi-081,สวนสัตว์เปิดเขาเขียว,Khao Kheow Open Zoo,CBI
13.338-100.957,13.338,100.957,100,cbi-082,สวนสาธารณะเฉลิมพระเกียรติ ร.9,Rama IX Commemoration Public Park,CBI
13.339-100.956,13.339,100.956,100,cbi-082,สวนสาธารณะเฉลิมพระเกียรติ ร.9,Rama IX Commemoration Public Park,CBI
13.339-100.957,13.339,100.957,100,cbi-082,สวนสาธารณะเฉลิมพระเกียรติ ร.9,Rama IX Commemoration Public Park,CBI
13.338-100.956,13.338,100.956,100,cbi-082,สวนสาธารณะเฉลิมพระเกียรติ ร.9,Rama IX Commemoration Public Park,CBI
13.338-100.955,13.338,100.955,100,cbi-082,สวนสาธารณะเฉลิมพระเกียรติ ร.9,Rama IX Commemoration Public Park,CBI
13.337-100.955,13.337,100.955,100,cbi-082,สวนสาธารณะเฉลิมพระเกียรติ ร.9,Rama IX Commemoration Public Park,CBI
13.337-100.956,13.337,100.956,100,cbi-082,สวนสาธารณะเฉลิมพระเกียรติ ร.9,Rama IX Commemoration Public Park,CBI
13.337-100.957,13.337,100.957,100,cbi-082,สวนสาธารณะเฉลิมพระเกียรติ ร.9,Rama IX Commemoration Public Park,CBI
13.336-100.957,13.336,100.957,100,cbi-082,สวนสาธารณะเฉลิมพระเกียรติ ร.9,Rama IX Commemoration Public Park,CBI
13.335-100.957,13.335,100.957,100,cbi-082,สวนสาธารณะเฉลิมพระเกียรติ ร.9,Rama IX Commemoration Public Park,CBI
13.335-100.956,13.335,100.956,100,cbi-082,สวนสาธารณะเฉลิมพระเกียรติ ร.9,Rama IX Commemoration Public Park,CBI
13.335-100.955,13.335,100.955,100,cbi-082,สวนสาธารณะเฉลิมพระเกียรติ ร.9,Rama IX Commemoration Public Park,CBI
13.336-100.955,13.336,100.955,100,cbi-082,สวนสาธารณะเฉลิมพระเกียรติ ร.9,Rama IX Commemoration Public Park,CBI
13.336-100.956,13.336,100.956,100,cbi-082,สวนสาธารณะเฉลิมพระเกียรติ ร.9,Rama IX Commemoration Public Park,CBI
13.150-101.010,13.15,101.01,100,cbi-083,สวนเสือศรีราชา,Sriracha Tiger Zoo,CBI
13.150-101.011,13.15,101.011,100,cbi-083,สวนเสือศรีราชา,Sriracha Tiger Zoo,CBI
13.151-101.011,13.151,101.011,100,cbi-083,สวนเสือศรีราชา,Sriracha Tiger Zoo,CBI
13.151-101.010,13.151,101.01,100,cbi-083,สวนเสือศรีราชา,Sriracha Tiger Zoo,CBI
13.151-101.012,13.151,101.012,100,cbi-083,สวนเสือศรีราชา,Sriracha Tiger Zoo,CBI
13.150-101.012,13.15,101.012,100,cbi-083,สวนเสือศรีราชา,Sriracha Tiger Zoo,CBI
13.150-101.013,13.15,101.013,100,cbi-083,สวนเสือศรีราชา,Sriracha Tiger Zoo,CBI
13.151-101.013,13.151,101.013,100,cbi-083,สวนเสือศรีราชา,Sriracha Tiger Zoo,CBI
13.149-101.014,13.149,101.014,100,cbi-083,สวนเสือศรีราชา,Sriracha Tiger Zoo,CBI
13.149-101.015,13.149,101.015,100,cbi-083,สวนเสือศรีราชา,Sriracha Tiger Zoo,CBI
13.150-101.014,13.15,101.014,100,cbi-083,สวนเสือศรีราชา,Sriracha Tiger Zoo,CBI
13.149-101.012,13.149,101.012,100,cbi-083,สวนเสือศรีราชา,Sriracha Tiger Zoo,CBI
13.149-101.013,13.149,101.013,100,cbi-083,สวนเสือศรีราชา,Sriracha Tiger Zoo,CBI
13.148-101.013,13.148,101.013,100,cbi-083,สวนเสือศรีราชา,Sriracha Tiger Zoo,CBI
13.148-101.012,13.148,101.012,100,cbi-083,สวนเสือศรีราชา,Sriracha Tiger Zoo,CBI
13.148-101.011,13.148,101.011,100,cbi-083,สวนเสือศรีราชา,Sriracha Tiger Zoo,CBI
13.147-101.011,13.147,101.011,100,cbi-083,สวนเสือศรีราชา,Sriracha Tiger Zoo,CBI
13.148-101.010,13.148,101.01,100,cbi-083,สวนเสือศรีราชา,Sriracha Tiger Zoo,CBI
13.149-101.011,13.149,101.011,100,cbi-083,สวนเสือศรีราชา,Sriracha Tiger Zoo,CBI
13.149-101.010,13.149,101.01,100,cbi-083,สวนเสือศรีราชา,Sriracha Tiger Zoo,CBI
12.882-100.927,12.882,100.927,100,cbi-084,หมู่บ้านช้างพัทยา,Pattaya Elephant Village,CBI
12.881-100.926,12.881,100.926,100,cbi-084,หมู่บ้านช้างพัทยา,Pattaya Elephant Village,CBI
12.881-100.927,12.881,100.927,100,cbi-084,หมู่บ้านช้างพัทยา,Pattaya Elephant Village,CBI
12.881-100.928,12.881,100.928,100,cbi-084,หมู่บ้านช้างพัทยา,Pattaya Elephant Village,CBI
12.881-100.929,12.881,100.929,100,cbi-084,หมู่บ้านช้างพัทยา,Pattaya Elephant Village,CBI
12.881-100.930,12.881,100.93,100,cbi-084,หมู่บ้านช้างพัทยา,Pattaya Elephant Village,CBI
12.880-100.930,12.88,100.93,100,cbi-084,หมู่บ้านช้างพัทยา,Pattaya Elephant Village,CBI
12.880-100.929,12.88,100.929,100,cbi-084,หมู่บ้านช้างพัทยา,Pattaya Elephant Village,CBI
12.880-100.928,12.88,100.928,100,cbi-084,หมู่บ้านช้างพัทยา,Pattaya Elephant Village,CBI
12.880-100.927,12.88,100.927,100,cbi-084,หมู่บ้านช้างพัทยา,Pattaya Elephant Village,CBI
12.882-100.928,12.882,100.928,100,cbi-084,หมู่บ้านช้างพัทยา,Pattaya Elephant Village,CBI
12.882-100.929,12.882,100.929,100,cbi-084,หมู่บ้านช้างพัทยา,Pattaya Elephant Village,CBI
12.883-100.928,12.883,100.928,100,cbi-084,หมู่บ้านช้างพัทยา,Pattaya Elephant Village,CBI
12.883-100.927,12.883,100.927,100,cbi-084,หมู่บ้านช้างพัทยา,Pattaya Elephant Village,CBI
12.879-100.927,12.879,100.927,100,cbi-084,หมู่บ้านช้างพัทยา,Pattaya Elephant Village,CBI
12.879-100.928,12.879,100.928,100,cbi-084,หมู่บ้านช้างพัทยา,Pattaya Elephant Village,CBI
12.879-100.930,12.879,100.93,100,cbi-084,หมู่บ้านช้างพัทยา,Pattaya Elephant Village,CBI
12.879-100.929,12.879,100.929,100,cbi-084,หมู่บ้านช้างพัทยา,Pattaya Elephant Village,CBI
12.925-100.867,12.925,100.867,100,cbi-085,แหลมบาลีฮาย,Bali Hai Cape,CBI
12.925-100.866,12.925,100.866,100,cbi-085,แหลมบาลีฮาย,Bali Hai Cape,CBI
12.925-100.868,12.925,100.868,100,cbi-085,แหลมบาลีฮาย,Bali Hai Cape,CBI
12.926-100.867,12.926,100.867,100,cbi-085,แหลมบาลีฮาย,Bali Hai Cape,CBI
12.927-100.867,12.927,100.867,100,cbi-085,แหลมบาลีฮาย,Bali Hai Cape,CBI
12.924-100.867,12.924,100.867,100,cbi-085,แหลมบาลีฮาย,Bali Hai Cape,CBI
12.928-100.867,12.928,100.867,100,cbi-085,แหลมบาลีฮาย,Bali Hai Cape,CBI
12.928-100.868,12.928,100.868,100,cbi-085,แหลมบาลีฮาย,Bali Hai Cape,CBI
12.929-100.867,12.929,100.867,100,cbi-085,แหลมบาลีฮาย,Bali Hai Cape,CBI
12.929-100.866,12.929,100.866,100,cbi-085,แหลมบาลีฮาย,Bali Hai Cape,CBI
12.928-100.866,12.928,100.866,100,cbi-085,แหลมบาลีฮาย,Bali Hai Cape,CBI
12.896-100.896,12.896,100.896,100,cbi-086,อันเดอร์ วอเตอร์ เวิล์ด พัทยา,Under Water World Pattaya,CBI
12.896-100.895,12.896,100.895,100,cbi-086,อันเดอร์ วอเตอร์ เวิล์ด พัทยา,Under Water World Pattaya,CBI
12.897-100.896,12.897,100.896,100,cbi-086,อันเดอร์ วอเตอร์ เวิล์ด พัทยา,Under Water World Pattaya,CBI
12.897-100.895,12.897,100.895,100,cbi-086,อันเดอร์ วอเตอร์ เวิล์ด พัทยา,Under Water World Pattaya,CBI
12.942-100.888,12.942,100.888,100,cbi-087,อัลคาซาร์โชว์,Alcazar Show,CBI
12.942-100.889,12.942,100.889,100,cbi-087,อัลคาซาร์โชว์,Alcazar Show,CBI
12.943-100.889,12.943,100.889,100,cbi-087,อัลคาซาร์โชว์,Alcazar Show,CBI
12.943-100.888,12.943,100.888,100,cbi-087,อัลคาซาร์โชว์,Alcazar Show,CBI
13.230-100.995,13.23,100.995,100,cbi-088,อ่างเก็บน้ำบางพระ (เขตห้ามล่าสัตว์ป่าอ่างเก็บน้ำบางพระ),Bang Phra Reservoir,CBI
13.230-100.996,13.23,100.996,100,cbi-088,อ่างเก็บน้ำบางพระ (เขตห้ามล่าสัตว์ป่าอ่างเก็บน้ำบางพระ),Bang Phra Reservoir,CBI
13.229-100.996,13.229,100.996,100,cbi-088,อ่างเก็บน้ำบางพระ (เขตห้ามล่าสัตว์ป่าอ่างเก็บน้ำบางพระ),Bang Phra Reservoir,CBI
13.229-100.995,13.229,100.995,100,cbi-088,อ่างเก็บน้ำบางพระ (เขตห้ามล่าสัตว์ป่าอ่างเก็บน้ำบางพระ),Bang Phra Reservoir,CBI
13.231-100.996,13.231,100.996,100,cbi-088,อ่างเก็บน้ำบางพระ (เขตห้ามล่าสัตว์ป่าอ่างเก็บน้ำบางพระ),Bang Phra Reservoir,CBI
13.229-100.997,13.229,100.997,100,cbi-088,อ่างเก็บน้ำบางพระ (เขตห้ามล่าสัตว์ป่าอ่างเก็บน้ำบางพระ),Bang Phra Reservoir,CBI
13.231-100.995,13.231,100.995,100,cbi-088,อ่างเก็บน้ำบางพระ (เขตห้ามล่าสัตว์ป่าอ่างเก็บน้ำบางพระ),Bang Phra Reservoir,CBI
12.920-100.960,12.92,100.96,1000,cbi-089,อ่างเก็บน้ำมาบประชัน,Map Prachan Reservoir,CBI
12.930-100.960,12.93,100.96,1000,cbi-089,อ่างเก็บน้ำมาบประชัน,Map Prachan Reservoir,CBI
12.940-100.960,12.94,100.96,1000,cbi-089,อ่างเก็บน้ำมาบประชัน,Map Prachan Reservoir,CBI
12.949-100.971,12.949,100.971,100,cbi-089,อ่างเก็บน้ำมาบประชัน,Map Prachan Reservoir,CBI
12.949-100.972,12.949,100.972,100,cbi-089,อ่างเก็บน้ำมาบประชัน,Map Prachan Reservoir,CBI
12.948-100.972,12.948,100.972,100,cbi-089,อ่างเก็บน้ำมาบประชัน,Map Prachan Reservoir,CBI
12.948-100.971,12.948,100.971,100,cbi-089,อ่างเก็บน้ำมาบประชัน,Map Prachan Reservoir,CBI
12.948-100.970,12.948,100.97,100,cbi-089,อ่างเก็บน้ำมาบประชัน,Map Prachan Reservoir,CBI
12.949-100.970,12.949,100.97,100,cbi-089,อ่างเก็บน้ำมาบประชัน,Map Prachan Reservoir,CBI
12.947-100.970,12.947,100.97,100,cbi-089,อ่างเก็บน้ำมาบประชัน,Map Prachan Reservoir,CBI
12.947-100.971,12.947,100.971,100,cbi-089,อ่างเก็บน้ำมาบประชัน,Map Prachan Reservoir,CBI
12.947-100.972,12.947,100.972,100,cbi-089,อ่างเก็บน้ำมาบประชัน,Map Prachan Reservoir,CBI
12.946-100.972,12.946,100.972,100,cbi-089,อ่างเก็บน้ำมาบประชัน,Map Prachan Reservoir,CBI
12.946-100.970,12.946,100.97,100,cbi-089,อ่างเก็บน้ำมาบประชัน,Map Prachan Reservoir,CBI
12.946-100.971,12.946,100.971,100,cbi-089,อ่างเก็บน้ำมาบประชัน,Map Prachan Reservoir,CBI
12.946-100.973,12.946,100.973,100,cbi-089,อ่างเก็บน้ำมาบประชัน,Map Prachan Reservoir,CBI
12.945-100.972,12.945,100.972,100,cbi-089,อ่างเก็บน้ำมาบประชัน,Map Prachan Reservoir,CBI
12.945-100.973,12.945,100.973,100,cbi-089,อ่างเก็บน้ำมาบประชัน,Map Prachan Reservoir,CBI
12.945-100.971,12.945,100.971,100,cbi-089,อ่างเก็บน้ำมาบประชัน,Map Prachan Reservoir,CBI
12.945-100.970,12.945,100.97,100,cbi-089,อ่างเก็บน้ำมาบประชัน,Map Prachan Reservoir,CBI
12.944-100.970,12.944,100.97,100,cbi-089,อ่างเก็บน้ำมาบประชัน,Map Prachan Reservoir,CBI
12.944-100.971,12.944,100.971,100,cbi-089,อ่างเก็บน้ำมาบประชัน,Map Prachan Reservoir,CBI
12.944-100.972,12.944,100.972,100,cbi-089,อ่างเก็บน้ำมาบประชัน,Map Prachan Reservoir,CBI
12.943-100.971,12.943,100.971,100,cbi-089,อ่างเก็บน้ำมาบประชัน,Map Prachan Reservoir,CBI
12.943-100.970,12.943,100.97,100,cbi-089,อ่างเก็บน้ำมาบประชัน,Map Prachan Reservoir,CBI
12.943-100.972,12.943,100.972,100,cbi-089,อ่างเก็บน้ำมาบประชัน,Map Prachan Reservoir,CBI
12.942-100.970,12.942,100.97,100,cbi-089,อ่างเก็บน้ำมาบประชัน,Map Prachan Reservoir,CBI
12.942-100.971,12.942,100.971,100,cbi-089,อ่างเก็บน้ำมาบประชัน,Map Prachan Reservoir,CBI
12.941-100.971,12.941,100.971,100,cbi-089,อ่างเก็บน้ำมาบประชัน,Map Prachan Reservoir,CBI
12.941-100.970,12.941,100.97,100,cbi-089,อ่างเก็บน้ำมาบประชัน,Map Prachan Reservoir,CBI
12.941-100.972,12.941,100.972,100,cbi-089,อ่างเก็บน้ำมาบประชัน,Map Prachan Reservoir,CBI
12.942-100.972,12.942,100.972,100,cbi-089,อ่างเก็บน้ำมาบประชัน,Map Prachan Reservoir,CBI
12.940-100.972,12.94,100.972,100,cbi-089,อ่างเก็บน้ำมาบประชัน,Map Prachan Reservoir,CBI
12.940-100.971,12.94,100.971,100,cbi-089,อ่างเก็บน้ำมาบประชัน,Map Prachan Reservoir,CBI
12.940-100.970,12.94,100.97,100,cbi-089,อ่างเก็บน้ำมาบประชัน,Map Prachan Reservoir,CBI
12.939-100.970,12.939,100.97,100,cbi-089,อ่างเก็บน้ำมาบประชัน,Map Prachan Reservoir,CBI
12.939-100.971,12.939,100.971,100,cbi-089,อ่างเก็บน้ำมาบประชัน,Map Prachan Reservoir,CBI
12.939-100.972,12.939,100.972,100,cbi-089,อ่างเก็บน้ำมาบประชัน,Map Prachan Reservoir,CBI
12.938-100.971,12.938,100.971,100,cbi-089,อ่างเก็บน้ำมาบประชัน,Map Prachan Reservoir,CBI
12.938-100.970,12.938,100.97,100,cbi-089,อ่างเก็บน้ำมาบประชัน,Map Prachan Reservoir,CBI
12.919-100.968,12.919,100.968,100,cbi-089,อ่างเก็บน้ำมาบประชัน,Map Prachan Reservoir,CBI
12.921-100.970,12.921,100.97,100,cbi-089,อ่างเก็บน้ำมาบประชัน,Map Prachan Reservoir,CBI
12.922-100.970,12.922,100.97,100,cbi-089,อ่างเก็บน้ำมาบประชัน,Map Prachan Reservoir,CBI
12.923-100.971,12.923,100.971,100,cbi-089,อ่างเก็บน้ำมาบประชัน,Map Prachan Reservoir,CBI
12.923-100.970,12.923,100.97,100,cbi-089,อ่างเก็บน้ำมาบประชัน,Map Prachan Reservoir,CBI
12.924-100.970,12.924,100.97,100,cbi-089,อ่างเก็บน้ำมาบประชัน,Map Prachan Reservoir,CBI
12.922-100.971,12.922,100.971,100,cbi-089,อ่างเก็บน้ำมาบประชัน,Map Prachan Reservoir,CBI
12.921-100.959,12.921,100.959,100,cbi-089,อ่างเก็บน้ำมาบประชัน,Map Prachan Reservoir,CBI
12.920-100.959,12.92,100.959,100,cbi-089,อ่างเก็บน้ำมาบประชัน,Map Prachan Reservoir,CBI
12.921-100.958,12.921,100.958,100,cbi-089,อ่างเก็บน้ำมาบประชัน,Map Prachan Reservoir,CBI
12.920-100.958,12.92,100.958,100,cbi-089,อ่างเก็บน้ำมาบประชัน,Map Prachan Reservoir,CBI
12.922-100.959,12.922,100.959,100,cbi-089,อ่างเก็บน้ำมาบประชัน,Map Prachan Reservoir,CBI
12.922-100.958,12.922,100.958,100,cbi-089,อ่างเก็บน้ำมาบประชัน,Map Prachan Reservoir,CBI
12.923-100.959,12.923,100.959,100,cbi-089,อ่างเก็บน้ำมาบประชัน,Map Prachan Reservoir,CBI
12.923-100.958,12.923,100.958,100,cbi-089,อ่างเก็บน้ำมาบประชัน,Map Prachan Reservoir,CBI
12.923-100.957,12.923,100.957,100,cbi-089,อ่างเก็บน้ำมาบประชัน,Map Prachan Reservoir,CBI
12.924-100.957,12.924,100.957,100,cbi-089,อ่างเก็บน้ำมาบประชัน,Map Prachan Reservoir,CBI
12.924-100.958,12.924,100.958,100,cbi-089,อ่างเก็บน้ำมาบประชัน,Map Prachan Reservoir,CBI
12.924-100.959,12.924,100.959,100,cbi-089,อ่างเก็บน้ำมาบประชัน,Map Prachan Reservoir,CBI
12.925-100.959,12.925,100.959,100,cbi-089,อ่างเก็บน้ำมาบประชัน,Map Prachan Reservoir,CBI
12.925-100.958,12.925,100.958,100,cbi-089,อ่างเก็บน้ำมาบประชัน,Map Prachan Reservoir,CBI
12.925-100.957,12.925,100.957,100,cbi-089,อ่างเก็บน้ำมาบประชัน,Map Prachan Reservoir,CBI
12.926-100.958,12.926,100.958,100,cbi-089,อ่างเก็บน้ำมาบประชัน,Map Prachan Reservoir,CBI
12.926-100.959,12.926,100.959,100,cbi-089,อ่างเก็บน้ำมาบประชัน,Map Prachan Reservoir,CBI
12.926-100.957,12.926,100.957,100,cbi-089,อ่างเก็บน้ำมาบประชัน,Map Prachan Reservoir,CBI
12.927-100.959,12.927,100.959,100,cbi-089,อ่างเก็บน้ำมาบประชัน,Map Prachan Reservoir,CBI
12.927-100.958,12.927,100.958,100,cbi-089,อ่างเก็บน้ำมาบประชัน,Map Prachan Reservoir,CBI
12.927-100.957,12.927,100.957,100,cbi-089,อ่างเก็บน้ำมาบประชัน,Map Prachan Reservoir,CBI
12.928-100.959,12.928,100.959,100,cbi-089,อ่างเก็บน้ำมาบประชัน,Map Prachan Reservoir,CBI
12.928-100.958,12.928,100.958,100,cbi-089,อ่างเก็บน้ำมาบประชัน,Map Prachan Reservoir,CBI
12.928-100.957,12.928,100.957,100,cbi-089,อ่างเก็บน้ำมาบประชัน,Map Prachan Reservoir,CBI
12.929-100.958,12.929,100.958,100,cbi-089,อ่างเก็บน้ำมาบประชัน,Map Prachan Reservoir,CBI
12.929-100.959,12.929,100.959,100,cbi-089,อ่างเก็บน้ำมาบประชัน,Map Prachan Reservoir,CBI
12.929-100.957,12.929,100.957,100,cbi-089,อ่างเก็บน้ำมาบประชัน,Map Prachan Reservoir,CBI
12.930-100.958,12.93,100.958,100,cbi-089,อ่างเก็บน้ำมาบประชัน,Map Prachan Reservoir,CBI
12.930-100.959,12.93,100.959,100,cbi-089,อ่างเก็บน้ำมาบประชัน,Map Prachan Reservoir,CBI
12.930-100.957,12.93,100.957,100,cbi-089,อ่างเก็บน้ำมาบประชัน,Map Prachan Reservoir,CBI
12.931-100.958,12.931,100.958,100,cbi-089,อ่างเก็บน้ำมาบประชัน,Map Prachan Reservoir,CBI
12.931-100.959,12.931,100.959,100,cbi-089,อ่างเก็บน้ำมาบประชัน,Map Prachan Reservoir,CBI
12.931-100.957,12.931,100.957,100,cbi-089,อ่างเก็บน้ำมาบประชัน,Map Prachan Reservoir,CBI
12.932-100.958,12.932,100.958,100,cbi-089,อ่างเก็บน้ำมาบประชัน,Map Prachan Reservoir,CBI
12.932-100.959,12.932,100.959,100,cbi-089,อ่างเก็บน้ำมาบประชัน,Map Prachan Reservoir,CBI
12.933-100.959,12.933,100.959,100,cbi-089,อ่างเก็บน้ำมาบประชัน,Map Prachan Reservoir,CBI
12.933-100.958,12.933,100.958,100,cbi-089,อ่างเก็บน้ำมาบประชัน,Map Prachan Reservoir,CBI
12.934-100.958,12.934,100.958,100,cbi-089,อ่างเก็บน้ำมาบประชัน,Map Prachan Reservoir,CBI
12.935-100.959,12.935,100.959,100,cbi-089,อ่างเก็บน้ำมาบประชัน,Map Prachan Reservoir,CBI
12.935-100.958,12.935,100.958,100,cbi-089,อ่างเก็บน้ำมาบประชัน,Map Prachan Reservoir,CBI
12.934-100.959,12.934,100.959,100,cbi-089,อ่างเก็บน้ำมาบประชัน,Map Prachan Reservoir,CBI
12.936-100.959,12.936,100.959,100,cbi-089,อ่างเก็บน้ำมาบประชัน,Map Prachan Reservoir,CBI
12.936-100.958,12.936,100.958,100,cbi-089,อ่างเก็บน้ำมาบประชัน,Map Prachan Reservoir,CBI
12.937-100.958,12.937,100.958,100,cbi-089,อ่างเก็บน้ำมาบประชัน,Map Prachan Reservoir,CBI
12.937-100.959,12.937,100.959,100,cbi-089,อ่างเก็บน้ำมาบประชัน,Map Prachan Reservoir,CBI
12.938-100.959,12.938,100.959,100,cbi-089,อ่างเก็บน้ำมาบประชัน,Map Prachan Reservoir,CBI
12.938-100.958,12.938,100.958,100,cbi-089,อ่างเก็บน้ำมาบประชัน,Map Prachan Reservoir,CBI
12.939-100.959,12.939,100.959,100,cbi-089,อ่างเก็บน้ำมาบประชัน,Map Prachan Reservoir,CBI
12.923-100.868,12.923,100.868,100,cbi-090,อีซี่คาร์ท พัทยา,Easy Kart Pattaya,CBI
12.922-100.868,12.922,100.868,100,cbi-090,อีซี่คาร์ท พัทยา,Easy Kart Pattaya,CBI
12.923-100.867,12.923,100.867,100,cbi-090,อีซี่คาร์ท พัทยา,Easy Kart Pattaya,CBI
12.957-100.941,12.957,100.941,100,cbi-091,อุทยานหินล้านปีและฟาร์มจระเข้พัทยา,Million Years Stone Park and Pattaya Crocodile Farm,CBI
12.956-100.940,12.956,100.94,100,cbi-091,อุทยานหินล้านปีและฟาร์มจระเข้พัทยา,Million Years Stone Park and Pattaya Crocodile Farm,CBI
12.957-100.940,12.957,100.94,100,cbi-091,อุทยานหินล้านปีและฟาร์มจระเข้พัทยา,Million Years Stone Park and Pattaya Crocodile Farm,CBI
12.958-100.941,12.958,100.941,100,cbi-091,อุทยานหินล้านปีและฟาร์มจระเข้พัทยา,Million Years Stone Park and Pattaya Crocodile Farm,CBI
12.958-100.942,12.958,100.942,100,cbi-091,อุทยานหินล้านปีและฟาร์มจระเข้พัทยา,Million Years Stone Park and Pattaya Crocodile Farm,CBI
12.957-100.942,12.957,100.942,100,cbi-091,อุทยานหินล้านปีและฟาร์มจระเข้พัทยา,Million Years Stone Park and Pattaya Crocodile Farm,CBI
12.956-100.942,12.956,100.942,100,cbi-091,อุทยานหินล้านปีและฟาร์มจระเข้พัทยา,Million Years Stone Park and Pattaya Crocodile Farm,CBI
12.956-100.941,12.956,100.941,100,cbi-091,อุทยานหินล้านปีและฟาร์มจระเข้พัทยา,Million Years Stone Park and Pattaya Crocodile Farm,CBI
12.834-100.964,12.834,100.964,100,cbi-092,ชุมชนจีนบ้านชากแง้ว,Ban Cha Ngao Chinese Community,CBI
12.833-100.965,12.833,100.965,100,cbi-092,ชุมชนจีนบ้านชากแง้ว,Ban Cha Ngao Chinese Community,CBI
12.833-100.964,12.833,100.964,100,cbi-092,ชุมชนจีนบ้านชากแง้ว,Ban Cha Ngao Chinese Community,CBI
12.832-100.965,12.832,100.965,100,cbi-092,ชุมชนจีนบ้านชากแง้ว,Ban Cha Ngao Chinese Community,CBI
12.832-100.964,12.832,100.964,100,cbi-092,ชุมชนจีนบ้านชากแง้ว,Ban Cha Ngao Chinese Community,CBI
12.832-100.966,12.832,100.966,100,cbi-092,ชุมชนจีนบ้านชากแง้ว,Ban Cha Ngao Chinese Community,CBI
12.831-100.965,12.831,100.965,100,cbi-092,ชุมชนจีนบ้านชากแง้ว,Ban Cha Ngao Chinese Community,CBI
12.834-100.965,12.834,100.965,100,cbi-092,ชุมชนจีนบ้านชากแง้ว,Ban Cha Ngao Chinese Community,CBI
13.340-100.926,13.34,100.926,100,cbi-093,ตลาดเก่าอ่างศิลา 133 ปี,Ang Sila Old Market 133 years old,CBI
13.340-100.927,13.34,100.927,100,cbi-093,ตลาดเก่าอ่างศิลา 133 ปี,Ang Sila Old Market 133 years old,CBI
13.341-100.926,13.341,100.926,100,cbi-093,ตลาดเก่าอ่างศิลา 133 ปี,Ang Sila Old Market 133 years old,CBI
13.341-100.927,13.341,100.927,100,cbi-093,ตลาดเก่าอ่างศิลา 133 ปี,Ang Sila Old Market 133 years old,CBI
13.341-100.928,13.341,100.928,100,cbi-093,ตลาดเก่าอ่างศิลา 133 ปี,Ang Sila Old Market 133 years old,CBI
13.342-100.927,13.342,100.927,100,cbi-093,ตลาดเก่าอ่างศิลา 133 ปี,Ang Sila Old Market 133 years old,CBI
13.342-100.926,13.342,100.926,100,cbi-093,ตลาดเก่าอ่างศิลา 133 ปี,Ang Sila Old Market 133 years old,CBI
13.281-100.936,13.281,100.936,100,cbi-094,ตลาดหนองมน,Nong Mon Market,CBI
13.280-100.936,13.28,100.936,100,cbi-094,ตลาดหนองมน,Nong Mon Market,CBI
13.280-100.935,13.28,100.935,100,cbi-094,ตลาดหนองมน,Nong Mon Market,CBI
13.282-100.936,13.282,100.936,100,cbi-094,ตลาดหนองมน,Nong Mon Market,CBI
13.281-100.935,13.281,100.935,100,cbi-094,ตลาดหนองมน,Nong Mon Market,CBI
13.437-101.052,13.437,101.052,100,cbi-095,พิพิธภัณฑ์เรือนไทย,Thai House Museum,CBI
13.437-101.051,13.437,101.051,100,cbi-095,พิพิธภัณฑ์เรือนไทย,Thai House Museum,CBI
13.437-101.053,13.437,101.053,100,cbi-095,พิพิธภัณฑ์เรือนไทย,Thai House Museum,CBI
13.438-101.052,13.438,101.052,100,cbi-095,พิพิธภัณฑ์เรือนไทย,Thai House Museum,CBI
12.955-100.908,12.955,100.908,100,cbi-096,เมืองจำลอง,Mini Town,CBI
12.954-100.908,12.954,100.908,100,cbi-096,เมืองจำลอง,Mini Town,CBI
12.954-100.909,12.954,100.909,100,cbi-096,เมืองจำลอง,Mini Town,CBI
12.955-100.909,12.955,100.909,100,cbi-096,เมืองจำลอง,Mini Town,CBI
12.956-100.909,12.956,100.909,100,cbi-096,เมืองจำลอง,Mini Town,CBI
12.956-100.908,12.956,100.908,100,cbi-096,เมืองจำลอง,Mini Town,CBI
12.956-100.910,12.956,100.91,100,cbi-096,เมืองจำลอง,Mini Town,CBI
12.955-100.910,12.955,100.91,100,cbi-096,เมืองจำลอง,Mini Town,CBI
12.954-100.910,12.954,100.91,100,cbi-096,เมืองจำลอง,Mini Town,CBI
12.953-100.909,12.953,100.909,100,cbi-096,เมืองจำลอง,Mini Town,CBI
12.953-100.908,12.953,100.908,100,cbi-096,เมืองจำลอง,Mini Town,CBI
12.952-100.909,12.952,100.909,100,cbi-096,เมืองจำลอง,Mini Town,CBI
12.953-100.910,12.953,100.91,100,cbi-096,เมืองจำลอง,Mini Town,CBI
12.954-100.911,12.954,100.911,100,cbi-096,เมืองจำลอง,Mini Town,CBI
12.953-100.911,12.953,100.911,100,cbi-096,เมืองจำลอง,Mini Town,CBI
12.952-100.911,12.952,100.911,100,cbi-096,เมืองจำลอง,Mini Town,CBI
12.952-100.910,12.952,100.91,100,cbi-096,เมืองจำลอง,Mini Town,CBI
12.951-100.911,12.951,100.911,100,cbi-096,เมืองจำลอง,Mini Town,CBI
12.951-100.910,12.951,100.91,100,cbi-096,เมืองจำลอง,Mini Town,CBI
12.953-100.912,12.953,100.912,100,cbi-096,เมืองจำลอง,Mini Town,CBI
12.954-100.912,12.954,100.912,100,cbi-096,เมืองจำลอง,Mini Town,CBI
12.952-100.912,12.952,100.912,100,cbi-096,เมืองจำลอง,Mini Town,CBI
13.376-101.001,13.376,101.001,100,cbi-097,วัดธรรมนิมิตต์,Wat Thamnimit,CBI
13.377-101.001,13.377,101.001,100,cbi-097,วัดธรรมนิมิตต์,Wat Thamnimit,CBI
13.377-101.000,13.377,101,100,cbi-097,วัดธรรมนิมิตต์,Wat Thamnimit,CBI
13.376-101.000,13.376,101,100,cbi-097,วัดธรรมนิมิตต์,Wat Thamnimit,CBI
13.375-101.001,13.375,101.001,100,cbi-097,วัดธรรมนิมิตต์,Wat Thamnimit,CBI
13.402-101.044,13.402,101.044,100,cbi-098,วัดสังกะสี,Wat Sanga See,CBI
13.401-101.044,13.401,101.044,100,cbi-098,วัดสังกะสี,Wat Sanga See,CBI
13.402-101.043,13.402,101.043,100,cbi-098,วัดสังกะสี,Wat Sanga See,CBI
12.788-100.954,12.788,100.954,100,cbi-099,วิหารเซียน (เอนกกุศลศาลา),Vihara Xian (Anekkuson Sala),CBI
12.787-100.954,12.787,100.954,100,cbi-099,วิหารเซียน (เอนกกุศลศาลา),Vihara Xian (Anekkuson Sala),CBI
12.788-100.955,12.788,100.955,100,cbi-099,วิหารเซียน (เอนกกุศลศาลา),Vihara Xian (Anekkuson Sala),CBI
12.787-100.956,12.787,100.956,100,cbi-099,วิหารเซียน (เอนกกุศลศาลา),Vihara Xian (Anekkuson Sala),CBI
12.787-100.955,12.787,100.955,100,cbi-099,วิหารเซียน (เอนกกุศลศาลา),Vihara Xian (Anekkuson Sala),CBI
12.786-100.956,12.786,100.956,100,cbi-099,วิหารเซียน (เอนกกุศลศาลา),Vihara Xian (Anekkuson Sala),CBI
12.786-100.955,12.786,100.955,100,cbi-099,วิหารเซียน (เอนกกุศลศาลา),Vihara Xian (Anekkuson Sala),CBI
12.786-100.954,12.786,100.954,100,cbi-099,วิหารเซียน (เอนกกุศลศาลา),Vihara Xian (Anekkuson Sala),CBI
13.168-100.806,13.168,100.806,100,cbi-100,ศาลเจ้าพ่อเขาใหญ่,Chao Por Khao Yai Shrine,CBI
13.168-100.807,13.168,100.807,100,cbi-100,ศาลเจ้าพ่อเขาใหญ่,Chao Por Khao Yai Shrine,CBI
13.455-101.179,13.455,101.179,100,cbi-101,ศูนย์จักสานพนัสนิคม,Phanus Nikhom Exhibition Center,CBI
13.455-101.180,13.455,101.18,100,cbi-101,ศูนย์จักสานพนัสนิคม,Phanus Nikhom Exhibition Center,CBI
12.933-100.904,12.933,100.904,100,cbi-102,ศูนย์แสดงเรือพระราชพิธีจำลอง 4 มิติ,4D Replica Ceremonial Ship Show Center,CBI
12.934-100.904,12.934,100.904,100,cbi-102,ศูนย์แสดงเรือพระราชพิธีจำลอง 4 มิติ,4D Replica Ceremonial Ship Show Center,CBI
13.372-100.976,13.372,100.976,100,cbi-103,สะพานชลมารควิถี 84 พรรษา จ.ชลบุรี,Chollamarkwithi Bridge 84 Years,CBI
13.373-100.977,13.373,100.977,100,cbi-103,สะพานชลมารควิถี 84 พรรษา จ.ชลบุรี,Chollamarkwithi Bridge 84 Years,CBI
13.372-100.977,13.372,100.977,100,cbi-103,สะพานชลมารควิถี 84 พรรษา จ.ชลบุรี,Chollamarkwithi Bridge 84 Years,CBI
13.374-100.977,13.374,100.977,100,cbi-103,สะพานชลมารควิถี 84 พรรษา จ.ชลบุรี,Chollamarkwithi Bridge 84 Years,CBI
13.375-100.978,13.375,100.978,100,cbi-103,สะพานชลมารควิถี 84 พรรษา จ.ชลบุรี,Chollamarkwithi Bridge 84 Years,CBI
13.375-100.977,13.375,100.977,100,cbi-103,สะพานชลมารควิถี 84 พรรษา จ.ชลบุรี,Chollamarkwithi Bridge 84 Years,CBI
13.376-100.978,13.376,100.978,100,cbi-103,สะพานชลมารควิถี 84 พรรษา จ.ชลบุรี,Chollamarkwithi Bridge 84 Years,CBI
13.377-100.979,13.377,100.979,100,cbi-103,สะพานชลมารควิถี 84 พรรษา จ.ชลบุรี,Chollamarkwithi Bridge 84 Years,CBI
13.377-100.978,13.377,100.978,100,cbi-103,สะพานชลมารควิถี 84 พรรษา จ.ชลบุรี,Chollamarkwithi Bridge 84 Years,CBI
13.378-100.980,13.378,100.98,100,cbi-103,สะพานชลมารควิถี 84 พรรษา จ.ชลบุรี,Chollamarkwithi Bridge 84 Years,CBI
13.378-100.979,13.378,100.979,100,cbi-103,สะพานชลมารควิถี 84 พรรษา จ.ชลบุรี,Chollamarkwithi Bridge 84 Years,CBI
13.379-100.981,13.379,100.981,100,cbi-103,สะพานชลมารควิถี 84 พรรษา จ.ชลบุรี,Chollamarkwithi Bridge 84 Years,CBI
13.379-100.980,13.379,100.98,100,cbi-103,สะพานชลมารควิถี 84 พรรษา จ.ชลบุรี,Chollamarkwithi Bridge 84 Years,CBI
12.877-100.910,12.877,100.91,100,cbi-104,หมู่บ้านกะเหรี่ยง คอยาว จำลอง,Karen Village,CBI
12.603-100.961,12.603,100.961,100,cbi-105,หมู่บ้านช่องแสมสาร,Chong Samae San Village,CBI
12.602-100.961,12.602,100.961,100,cbi-105,หมู่บ้านช่องแสมสาร,Chong Samae San Village,CBI
12.603-100.960,12.603,100.96,100,cbi-105,หมู่บ้านช่องแสมสาร,Chong Samae San Village,CBI
13.285-100.925,13.285,100.925,100,cbi-106,หอศิลปะและวัฒนธรรมภาคตะวันออก มหาวิทยาลัยบูรพา,Eastern Art and Culture Hall Burapha University,CBI
12.905-100.976,12.905,100.976,100,cbi-107,อุทยานสามก๊ก,Three Kingdoms Park,CBI
12.905-100.975,12.905,100.975,100,cbi-107,อุทยานสามก๊ก,Three Kingdoms Park,CBI
12.904-100.975,12.904,100.975,100,cbi-107,อุทยานสามก๊ก,Three Kingdoms Park,CBI
12.904-100.976,12.904,100.976,100,cbi-107,อุทยานสามก๊ก,Three Kingdoms Park,CBI
12.904-100.977,12.904,100.977,100,cbi-107,อุทยานสามก๊ก,Three Kingdoms Park,CBI
12.905-100.977,12.905,100.977,100,cbi-107,อุทยานสามก๊ก,Three Kingdoms Park,CBI
12.903-100.976,12.903,100.976,100,cbi-107,อุทยานสามก๊ก,Three Kingdoms Park,CBI
13.340-100.925,13.34,100.925,100,cbi-108,ตึกแดงพิพิธภัณฑ์เฉลิมพระเกียรติ,Red Building Chaloem Phra Kiat Museum,CBI
13.340-100.926,13.34,100.926,100,cbi-108,ตึกแดงพิพิธภัณฑ์เฉลิมพระเกียรติ,Red Building Chaloem Phra Kiat Museum,CBI
12.602-100.950,12.602,100.95,100,cbi-109,พิพิธภัณฑ์ธรรมชาติวิทยาเกาะและทะเลไทย (เขาหมาจอ),Thai Island and Sea Natural History Museum (Khao Ma Jo),CBI
12.663-100.862,12.663,100.862,100,cbi-110,พิพิธภัณฑ์นาวิกโยธิน,Marine Corps Museum,CBI
12.662-100.862,12.662,100.862,100,cbi-110,พิพิธภัณฑ์นาวิกโยธิน,Marine Corps Museum,CBI
12.626-100.913,12.626,100.913,100,cbi-111,เรือหลวงจักรีนฤเบศร,Royal Battleship Jakgreenrubet,CBI
12.625-100.913,12.625,100.913,100,cbi-111,เรือหลวงจักรีนฤเบศร,Royal Battleship Jakgreenrubet,CBI
13.338-100.955,13.338,100.955,100,cbi-112,ศูนย์วิทยาศาสตร์ ดาราศาสตร์,Astroscience Center,CBI
